{
	"@metadata": {
		"author": "",
		"lastupdated": "",
		"locale": "en-US",
		"description": ""
	},

	"MENU_HOME": "Home",
	"MENU_MARKET": "Markets",
	"MENU_TRADE": "Trade",
	"MENU_POSITION": "Position",
	"MENU_MINE": "Mine",

	"LAUNCH_TIP0": "Connecting...",
	"LAUNCH_TIP1": "Determining application version...",
	"LAUNCH_TIP2": "Network environment safety inspection in progress...",
	"LAUNCH_TIP3": "Connecting to international investing institutes...",
	"LAUNCH_TIP4": "connecting to institutional account permissions...",



	"COMMON_WELCOME": "Welcome To ",
	"COMMON_ENTER": "Enter ",
	"COMMON_EMPTY_DATA": "Empty Data",
	"COMMON_SUCCESS": " Successful",
	"COMMON_VERSION": "Version",
	"COMMON_KEYWORDS": "Keywords",
	"COMMON_FILTER": "Filter",
	"COMMON_SEARCH": "Search",
	"COMMON_CANCEL": "Cancel",
	"COMMON_CONFIRM": "Confirm",
	"COMMON_SUBMIT": "Submit",
	"COMMON_CONTACT_SERVICE": "Contact customer service",
	"COMMON_DT": "Date Time",
	"COMMON_DESC": "Desc",
	"COMMON_SN": "SN",
	"COMMON_BALANCE": "Balance",
	"COMMON_GOODS": "Goods",
	"COMMON_RECORD": "Record",
	"COMMON_BUY": "Buy",
	"COMMON_SELL": "Sell",
	"COMMON_RULE": " Rules",
	"COMMON_MINUTE": "Minute",
	"COMMON_DAY": "Day",
	"COMMON_WEEK": "Week",
	"COMMON_MONTH": "Month",
	"COMMON_OPEN": "Open",
	"COMMON_CLOSE": "Close",
	"COMMON_HIGH": "High",
	"COMMON_LOW": "Low",
	"COMMON_AMOUNT": "Amount",
	"COMMON_LATEST_DT": "Latest Date Time",
	"COMMON_UNREAL": "Unverified",
	"COMMON_REAL": "Verified",
	"COMMON_UPLOAD": "Upload ",
	"COMMON_AVATAR": "Avatar",
	"COMMON_PRICE": "Price",
	"COMMON_ORDERS": "Orders",
	"COMMON_LEVER": "Lever",
	"COMMON_FEE": "Fee",
	"COMMON_STOCK": "Stock",
	"UNIT_SHARES": "Shares",

	"LGRE_TITLE": "Language",

	"API_TOKEN_EXPIRES": "Login status has expired, please log in again",
	"API_HTTP_ERROR": "Request abnormality, please check your network",
	"API_UPLOAD": "Uploading...",
	"API_REQUEST_DATA": "Request Data",
	"API_LOGIN": "Logging In",
	"API_REGISTER": "Registering",
	"API_SUBMITING": "Submiting",
	"API_NETWORKNO": "There is no network or the network status is poor.",

	"SIGN_TITLE_IN": "Sign In",
	"SIGN_TITLE_UP": "Sign Up",
	"SIGN_ACCOUNT": "Account",
	"SIGN_USERNAME": "User Name",
	"SIGN_EMAIL": "Email",
	"SIGN_MOBILE": "Mobile",
	"SIGN_ADDRESS": "Wallet Address",
	"SIGN_PWD": "Password",
	"SIGN_PWD_CONFIRM": "Confirm Password",
	"SIGN_LOGIN_VCODE": "Verification Code Login",
	"SIGN_LOGIN_PWD": "Account Password Login",
	"SIGN_GET_VCODE": "Get Code",
	"SIGN_VCODE": "Verification Code",
	"SIGN_REMEMBER": "Remember Password",
	"SIGN_FORGOT": "Forgot Password?",
	"SIGN_NO_ACCOUNT": "No Account Yet ?",
	"SIGN_NOW": " Now",
	"SIGN_SUCCESS_SIGN_IN": "Sign In Successful",
	"SIGN_INVITATION": "Invitation Code",
	"SIGN_AGREE": "I agree",
	"SIGN_TERMS": "Terms of use and privacy treaty",
	"SIGN_EXIST_ACCOUNT": "Existing Account",
	"SIGN_OUT": "Sign Out",
	"SIGN_SERVICE_TIP": "Please contact customer service",

	"TIP_PWDDIFF": "The two passwords do not match",
	"TIP_CHECK_AGREE": "Please checked agree",
	"TIP_VALID": "Please enter a valid value",
	"TIP_DECIMAL_PREFIX": "Up to ",
	"TIP_DECIMAL_SUFFIX": " decimal places",
	"TIP_BTN": "Please wait",

	"MARKET_INDEX": "Index",
	"MARKET_RISELOSS": "Rise/Loss",
	"MARKET_FUTURE": "Future",
	"MARKET_TRACK": "Track",
	"MARKET_CURRENCY": "Currency",

	"STOCK_TITLE": "Stock Detail",
	"STOCK_PRICE": "Price",
	"STOCK_RATE": "Rate",
	"STOCK_RATE_NUM": "Rate amount",
	"STOCK_ORDERS_TITLE": "Stock Orders ",
	"STOCK_TOTAL": "Total Amount",
	"STOCK_FREEZE": "Freeze Amount",

	"POSITION_HOLD": "Holding",
	"POSITION_RECORD": "Record",
	"POSITION_BUY_DT": "Buy Date",
	"POSITION_SELL_DT": "Sell Date",
	"POSITION_BUY_PRICE": "Buy Price",
	"POSITION_BUY_QTY": "Buy Quantity",
	"POSITION_BUY_FEE": "Buy Fee",
	"POSITION_BUY_AMOUNT": "Buy Amount",
	"POSITION_FLOAT_PL": "Float P&L",
	"POSITION_PL_RATE": "P&L Rate",
	"POSITION_TOTAL": "Total",
	"POSITION_LEVER": "Lever",
	"POSITION_PL": "Profit & Loss",
	"POSITION_CUR_PRICE": "Latest Price",
	"POSITION_SELL_PRICE": "Sell Price",
	"POSITION_ASK": "Do You Want To Sell?",

	"ASSETS_TOTAL": "Assets Total",
	"ASSETS_FREEZE": "Assets Freeze",

	"AI_TITLE": "AI Trading",
	"AI_GOODS": "AI Buy",
	"AI_APPLY": "Apply Record",
	"AI_SUCCESS": "Success Record",
	"AI_STATUS": "Status",
	"AI_AMOUNT": "Amount",
	"AI_AMOUNT_SUCCESS": "Success Amount",
	"AI_PRICE": "Price",
	"AI_RULE": " Rule",
	"AI_RULE0": "As a trading technique, investors make profits by buying and selling fast-rising stocks within the same day。",
	"AI_RULE1": "Investors make fair transactions and decisions according to the share price。",
	"AI_RULE2": "If profits are made after buying, you can view it in the “day trading” tab and choose to sell at a profit。",
	"AI_RULE3": "To protect the profits and confidentiality of rapidly rising stocks, the stock code and details are not shared during the buying period.",
	"AI_MODAL_CONTENT": "Are you sure you want to submit your order?",

	"BLOCK_TITLE": "Block",
	"BLOCK_PRICE": "Price",
	"BLOCK_QTY": "Quantity",
	"BLOCK_AMOUNT": "Amount",
	"BLOCK_PRICE_LATEST": "Latest Price",
	"BLOCK_RATE": "Rate",
	"BLOCK_RATE_AMOUNT": "Rate Amount",
	"BLOCK_FLOAT_PL": "Float P&L",
	"BLOCK_PL": "Profit & Loss",
	"BLOCK_PWD_TITLE": "Block Trading Key",
	"BLOCK_PWD_TIP": "Please contact your salesperson",

	"IPO_TITLE": "IPO",
	"IPO_GOODS": "Goods",
	"IPO_APPLY": "Apply Record",
	"IPO_SUCCESS": "Success Record",
	"IPO_SUB_DT": "Subscription Date",
	"IPO_OLINE_DT": "Oline Date",
	"IPO_PRICE": "Price",
	"IPO_ISS_AMOUNT": "Issuance Amount",
	"IPO_APPLY_AMOUNT": "Apply Amount",
	"IPO_APPLY_QTY": "Apply QTY",
	"IPO_MODAL_TITLE": "Public offering stock subscription application",
	"IPO_MODAL_CONTENT": "If you want to apply for a subscription, please click Confirm",
	"IPO_WIN_AMOUNT": "Winning Amount",
	"IPO_WIN_QTY": "Winning QTY",
	"IPO_FREEZE": "Freeze",
	"IPO_UNPAY_AMOUNT": "Unpay Amount",
	"IPO_SUCCESS_TOTAL": "Total Amount",
	"IPO_SUCCESS_TITLE": "Congratulations, you have successfully subscribed to original stocks!",
	"IPO_SUCCESS_TIP": "To guarantee your profit, make sure you have sufficient funds in your account before paying. We wish you success in your investment!",
	"IPO_SUCCESS_CLOSE": "Close",

	"EA_TITLE": "EA",
	"EA_GOODS": "Goods",
	"EA_RECORD": "Record",
	"EA_PRICE": "Price",
	"EA_MIN_AMOUNT": "Minimum Amount",
	"EA_BUY_AMOUNT": "Amount",
	"EA_GROWTH": "Growth",
	"EA_PROFIT_RATE": "Profit Rate",
	"EA_CYCLE": "Cycle Days",
	"EA_SDT": "Start Date",
	"EA_END_DT": "End Date",
	"EA_MODAL_CONTENT": "Are you sure you want to sell?",
	"EA_FEE": "Fee",

	"SCRAMBLE_TITLE": "Scramble",
	"SCRAMBLE_PRICE": "Price",
	"SCRAMBLE_SUCCESS_AMOUNT": "Success Amount",
	"SCRAMBLE_TOTAL_AMOUNT": "Total Amount",

	"DEPOSIT_TITLE": "Deposit",
	"DEPOSIT_TIPS": "The minimum deposit amount ",
	"DEPOSIT_RULE0": "Deposits can be made between 09:00-22:00 and on holidays.",
	"DEPOSIT_RULE1": "For safe fund transfer, please contact customer service and verify account information before each deposit. Any losses that may occur as a result of transfers to the wrong account will be borne by the user.",

	"WITHDRAW_TITLE": "Withdraw",
	"WITHDRAW_AMOUNT": "Amount",
	"WITHDRAW_PWD": "Withdraw Password",
	"WITHDRAW_TIPS": "Minimum withdrawal amount ",
	"WITHDRAW_RULE0": "Unsold shares cannot be withdrawn.",
	"WITHDRAW_RULE1": "Withdrawal can be made after identity verification and account verification.",
	"WITHDRAW_RULE2": "Withdrawals are available between 09:00-18:00 on business days (withdrawals are not supported on weekends and holidays).",
	"WITHDRAW_RULE3": "After applying for a minimum of 100 units, the funds will be transferred to the specified account as soon as possible.",
	"WITHDRAW_RULE4": "After the withdrawal application, the funds will be transferred to the specified account on the same day.",

	"SERVICE_TITLE": "Service",
	"NOTIFY_TITLE": "Notice",
	"MINE_SET": "Settings",
	"EDIT_PROFILE": "Edit Profile",
	"NICK_NAME": "Nick Name",
	"AUTH_TITLE": "Auth",
	"AUTH_NAME": "Real Name",
	"AUTH_ID": "ID Card Code",
	"AUTH_FRONT": "Card Front Photo",
	"AUTH_BACK": "Card Bank Photo",
	"AUTH_TIP": "ID Upload Notes",
	"AUTH_TIP0": "If your credentials are not correct, authentication may be denied. Pay attention to the solutions。",
	"AUTH_TIP1": "Avoid light reflection and shadows on identification documents。",
	"AUTH_TIP2": "Check the accuracy and validity of your credentials before registration。",
	"AUTH_TITLE1": "Authentication and Security",
	"AUTH_TITLE2": "Secure user operation, account protection and unusual access prevention",

	"BANK_TTILE": "Bank Card",
	"BANK_REAL_NAME": "Real Name",
	"BANK_NAME": "Bank Name",
	"BANK_ID": "Bank Card Code",
	"BANK_TITLE1": "Bank Account Information",
	"BANK_TITLE2": "Link your account to complete the transaction",

	"SET_PWD_TITLE": "Setting SignIn Password",
	"SET_PWD_TITLE1": "Set SignIn password",
	"SET_PWD_TITLE2": "Set or modify your SignIn password",
	"SET_PWD_OLD": "Current Password",
	"SET_PWD_NEW": "New Password",
	"SET_PWD_CONFIM": "Confim New Password",

	"SET_PAY_PWD_TITLE": "Setting Pay Password",
	"SET_PAY_PWD_TITLE1": "Set Pay password",
	"SET_PAY_PWD_TITLE2": "Set or modify your Pay password",

	"FLOW_TITLE": "Trading Flow",
	"FLOW_TRADE": "Trade Record",
	"FLOW_DEPOSIT": "Deposit Record",
	"FLOW_WITHDRAW": "Withdraw Record",
	"FLOW_TRADE_AFTER": "Trading After",
	"FLOW_TRADE_BEFORE": "Trading Before",
	"FLOW_MONEY": "Money",
	"FLOW_REASON": "Reason",
	"FLOW_MODAL_TITLE": "Do you want to cancel the withdrawal application?",

	"TERMS_TITLE": "Terms",
	"ABOUT_US": "About Us"

}