{
	"@metadata": {
		"author": "",
		"lastupdated": "",
		"locale": "zh-CN",
		"description": ""
	},

	"MENU_HOME": "首页",
	"MENU_MARKET": "市场",
	"MENU_TRADE": "交易",
	"MENU_POSITION": "持仓",
	"MENU_MINE": "我的",

	"MENU_IPO": "一键申购",
	"MENU_SCRAMBLE": "一键配售",
	"MENU_MARGIN": "融资融券",
	"MENU_BLOCK": "大宗交易",
	"MENU_SERVICE": "客服中心",
	"MENU_LONGHU": "龙虎榜",
	"MENU_DASHBOARD": "资金流向",
	"MENU_TREND": "大盘风向",
	"MENU_DATA": "数据中心",
	"MENU_ALL": "全部",
	"MENU_NOR_BUY": "普通买入",
	"MENU_NOR_SELL": "普通卖出",
	"MENU_BANK_IN": "银证转入",
	"MENU_BANK_OUT": "银证转出",
	"MENU_NEWS_HOT": "热点资讯",
	"MENU_PERFORMANCE": "业绩大全",
	"MENU_HS_ETF": "沪深股通ETF",
	"MENU_GEM": "创业板",
	"MENU_AH": "AH比价",
	"MENU_FAQ": "董秘问答",
	"MENU_REPORT": "金麒麟研报",
	"MENU_ACCOUNT_UPGRADE": "账户升级",
	"MENU_TRACK": "自选",

	"LAUNCH_TIPS": ["连接中...", "正在确定应用版本...", "网络环境安全检查进行中...", "连接到国际投资机构...", "连接到机构账户权限中..."],

	"API_TOKEN_EXPIRES": "登录状态已过期，请重新登录",
	"API_HTTP_ERROR": "请求异常，请检查您的网络",
	"API_UPLOAD": "上传中...",
	"API_REQUEST_DATA": "请求数据",
	"API_LOGIN": "正在登录中",
	"API_REGISTER": "正在注册中",
	"API_SUBMITING": "提交中",
	"API_NETWORKNO": "没有网络或网络状态不佳",

	"SIGN_TITLE_IN": "登录",
	"SIGN_TITLE_UP": "注册",
	"SIGN_ACCOUNT": "账户",
	"SIGN_MOBILE": "手机",
	"SIGN_PWD": "密码",
	"SIGN_PWD_CONFIRM": "确认密码",
	"SIGN_LOGIN_VCODE": "验证码登录",
	"SIGN_LOGIN_PWD": "账号密码登录",
	"SIGN_GET_VCODE": "获取验证码",
	"SIGN_VCODE": "验证码",
	"SIGN_FORGOT": "忘记密码？",
	"SIGN_NO_ACCOUNT": "还没有账户吗？",
	"SIGN_NOW": "现在注册",
	"SIGN_SUCCESS_SIGN_IN": "登录成功",
	"SIGN_INVITATION": "邀请码",
	"SIGN_AGREE": "我同意",
	"SIGN_TERMS": "使用条款和隐私协议",
	"SIGN_EXIST_ACCOUNT": "已有账户",
	"SIGN_OUT": "登出",
	"SIGN_SERVICE_TIP": "请联系客服",

	"TIP_PWDDIFF": "两个密码不匹配",
	"TIP_CHECK_AGREE": "请确认已同意",
	"TIP_VALID": "请输入有效的值",
	"TIP_DECIMAL_PREFIX": "最多",
	"TIP_DECIMAL_SUFFIX": "位小数",
	"TIP_BTN": "请勿频繁操作",

	"REAL_NAME": "真实姓名",
	"BANK_TTILE": "银行卡管理",
	"BANK_NAME": "银行名称",
	"BANK_ID": "银行卡号码",
	"EDIT_PROFILE": "编辑个人资料",
	"NICK_NAME": "昵称",

	"SET_PWD_TITLE": "设置登录密码",
	"SET_PWD_OLD": "当前密码",
	"SET_PWD_NEW": "新密码",
	"SET_PWD_CONFIM": "验证新密码",
	"SET_PAY_PWD_TITLE": "设置支付密码",

	"FLOW_MODAL_TITLE": "您想要取消提款申请吗？",

	"AUTH_TITLE": "实名认证",
	"AUTH_ID": "身份证号码",
	"AUTH_FRONT": "身份证正面照片",
	"AUTH_BACK": "身份证背面照片",
	"AUTH_TIP": "实名认证 规则",
	"AUTH_TIP0": "如果您的证件不正确，可能会拒绝验证。请注意解决方案。",
	"AUTH_TIP1": "避免在身份证明文件上出现光线反射和阴影。",
	"AUTH_TIP2": "注册前请检查您的证件的准确性和有效性。",

	"COMMON_ENTER": "请输入 ",
	"COMMON_SUCCESS": " 成功",
	"COMMON_SUBMIT": "提交",
	"COMMON_RULE": " 规则",

	"FLOW_TRADE": "交易记录",
	"FLOW_DEPOSIT": "存款记录",
	"FLOW_WITHDRAW": "取款记录",

	"COMMON_CONTACT_SERVICE": "联系客服",
	"COMMON_UNREAL": "未认证",
	"COMMON_REAL": "已认证",
	"COMMON_UPLOAD": "上传 ",
	"COMMON_AVATAR": "头像",

	"COMMON_EMPTY_DATA": "空数据",
	"COMMON_100": "仅显示前100条数据",
	"COMMON_READ": "阅读",
	"COMMON_VERSION": "版本",
	"COMMON_KEYWORDS": "关键词",
	"COMMON_FILTER": "过滤",
	"COMMON_SEARCH": "搜索",
	"COMMON_CANCEL": "取消",
	"COMMON_CONFIRM": "确认",

	"COMMON_DT": "日期时间",
	"COMMON_DESC": "详情",
	"COMMON_SN": "序号",
	"COMMON_BALANCE": "余额",
	"COMMON_GOODS": "商品",
	"COMMON_RECORD": "记录",
	"COMMON_BUY": "购买",
	"COMMON_SELL": "出售",
	"COMMON_MINUTE": "分钟",
	"COMMON_DAY": "天",
	"COMMON_WEEK": "周",
	"COMMON_MONTH": "月",
	"COMMON_OPEN": "开启",
	"COMMON_CLOSE": "关闭",
	"COMMON_HIGH": "高",
	"COMMON_LOW": "低",
	"COMMON_AMOUNT": "数量",
	"COMMON_LATEST_DT": "最新日期时间",

	"COMMON_PRICE": "价格",
	"COMMON_ORDERS": "订单",
	"COMMON_LEVER": "杠杆",
	"COMMON_FEE": "手续费",
	"COMMON_STOCK": "股",
	"UNIT_SHARES": "股数",

	"LGRE_TITLE": "语言",

	"HOME_WEALTH_TITLE": "理财",
	"HOME_WEALTH_TITLE1": "速递",
	"HOME_WEALTH_NEWS": "新发",

	"FEATURES_TITLE": "两融全部功能",

	"MARKET_HS": "沪深",
	"MARKET_KPI": "指数",
	"MARKET_HK": "港股",
	"MARKET_US": "美股",
	"MARKET_TRACK": "收藏",

	"NEWS_TABS": ["财经要闻", "经济数据", "全球股市", "7*24全球", "商品资讯"],




	"STOCK_TITLE": "股票详情",
	"STOCK_PRICE": "价格",
	"STOCK_RATE": "涨幅率",
	"STOCK_RATE_NUM": "涨幅额",
	"STOCK_ORDERS_TITLE": "股票订单",
	"STOCK_TOTAL": "总金额",
	"STOCK_FREEZE": "冻结金额",

	"POSITION_HOLD": "持有",
	"POSITION_RECORD": "记录",
	"POSITION_BUY_DT": "买入日期",
	"POSITION_SELL_DT": "卖出日期",
	"POSITION_BUY_PRICE": "买入价格",
	"POSITION_BUY_QTY": "买入数量",
	"POSITION_BUY_FEE": "买入手续费",
	"POSITION_BUY_AMOUNT": "买入金额",
	"POSITION_FLOAT_PL": "浮动盈亏",
	"POSITION_PL_RATE": "盈亏比率",
	"POSITION_TOTAL": "总计",
	"POSITION_LEVER": "杠杆",
	"POSITION_PL": "盈亏",
	"POSITION_CUR_PRICE": "最新价格",
	"POSITION_SELL_PRICE": "卖出价格",
	"POSITION_ASK": "您想要出售吗？",

	"ASSETS_TOTAL": "资产总计",
	"ASSETS_FREEZE": "资产冻结",

	"AI_TITLE": "AI 交易",
	"AI_GOODS": "AI 购买",
	"AI_APPLY": "申请记录",
	"AI_SUCCESS": "成功记录",
	"AI_STATUS": "状态",
	"AI_AMOUNT": "数量",
	"AI_AMOUNT_SUCCESS": "成功数量",
	"AI_PRICE": "价格",
	"AI_RULE": "规则",
	"AI_RULE0": "作为一种交易技术，投资者通过在同一天内买入和卖出快速上涨的股票来获取利润。",
	"AI_RULE1": "投资者根据股价进行公平交易和决策。",
	"AI_RULE2": "如果在购买后获得利润，您可以在“日内交易”标签中查看，并选择以利润出售。",
	"AI_RULE3": "为了保护快速上涨股票的利润和保密性，股票代码和详细信息在购买期间不会被分享。",
	"AI_MODAL_CONTENT": "您确定要提交您的订单吗？",

	"BLOCK_TITLE": "大宗交易",
	"BLOCK_RECORD_TITLE": "大宗交易记录",
	"BLOCK_PRICE": "价格",
	"BLOCK_QTY": "数量",
	"BLOCK_AMOUNT": "金额",
	"BLOCK_PRICE_LATEST": "最新价格",
	"BLOCK_RATE": "比率",
	"BLOCK_RATE_AMOUNT": "比率金额",
	"BLOCK_FLOAT_PL": "浮动盈亏",
	"BLOCK_PL": "盈亏",
	"BLOCK_PWD_TITLE": "区块交易密钥",
	"BLOCK_PWD_TIP": "请联系您的销售人员",

	"IPO_TITLE": "首次公开募股",
	"IPO_RECORD_TITLE": "申购记录",



	"IPO_GOODS": "商品",
	"IPO_APPLY": "申请记录",
	"IPO_SUCCESS": "中签记录",
	"IPO_SUB_DT": "申购日期",
	"IPO_OLINE_DT": "上市日期",
	"IPO_PRICE": "价格",
	"IPO_ISS_AMOUNT": "发行金额",
	"IPO_APPLY_AMOUNT": "申请金额",
	"IPO_APPLY_QTY": "申请数量",
	"IPO_MODAL_TITLE": "公开发行股票申购申请",
	"IPO_MODAL_CONTENT": "如果您想申请申购，请点击确认",
	"IPO_WIN_AMOUNT": "中奖金额",
	"IPO_WIN_QTY": "中奖数量",
	"IPO_FREEZE": "冻结",
	"IPO_UNPAY_AMOUNT": "未支付金额",
	"IPO_SUCCESS_TOTAL": "总金额",
	"IPO_SUCCESS_TITLE": "恭喜您，您已成功订阅原始股票！",
	"IPO_SUCCESS_TIP": "为了保证您的利润，请确保在付款前您的账户中有足够的资金。祝您投资成功！",
	"IPO_SUCCESS_CLOSE": "关闭",

	"EA_TITLE": "EA",
	"EA_GOODS": "商品",
	"EA_RECORD": "记录",
	"EA_PRICE": "价格",
	"EA_MIN_AMOUNT": "最低金额",
	"EA_BUY_AMOUNT": "金额",
	"EA_GROWTH": "增长",
	"EA_PROFIT_RATE": "利润率",
	"EA_CYCLE": "周期天数",
	"EA_SDT": "开始日期",
	"EA_END_DT": "结束日期",
	"EA_MODAL_CONTENT": "您确定要出售吗？",
	"EA_FEE": "费用",

	"SCRAMBLE_TITLE": "配售",
	"SCRAMBLE_RECORD": "配售记录",
	"SCRAMBLE_PRICE": "价格",
	"SCRAMBLE_SUCCESS_AMOUNT": "成功数量",
	"SCRAMBLE_TOTAL_AMOUNT": "总金额",

	"DEPOSIT_TITLE": "存款",
	"DEPOSIT_TIPS": "最低存款金额 ",
	"DEPOSIT_RULE0": "存款可以在 09:00-22:00 和假日期间进行。",
	"DEPOSIT_RULE1": "为了确保资金安全转移，请在每次存款前联系客服并确认账户信息。因转账到错误账户而可能发生的损失将由用户承担。",

	"WITHDRAW_TITLE": "提款",
	"WITHDRAW_AMOUNT": "金额",
	"WITHDRAW_PWD": "提款密码",
	"WITHDRAW_TIPS": "最低提款金额 ",
	"WITHDRAW_RULE0": "未售出的股份不能提取。",
	"WITHDRAW_RULE1": "在身份验证和账户验证后可以进行提款。",
	"WITHDRAW_RULE2": "提款时间为工作日的 09:00-18:00（周末和假日期间不支持提款）。",
	"WITHDRAW_RULE3": "申请最少 100 单位后，资金将尽快转入指定账户。",
	"WITHDRAW_RULE4": "在提款申请后，资金将在同一天转入指定账户。",

	"SERVICE_TITLE": "服务",
	"NOTIFY_TITLE": "通知",
	"MINE_SET": "设置",


	"TERMS_TITLE": "条款",
	"ABOUT_US": "关于我们"
}