{
	"@metadata": {
		"author": "",
		"lastupdated": "",
		"locale": "zh-TW",
		"description": ""
	},

	"MENU_HOME": "首頁",
	"MENU_MARKET": "市場",
	"MENU_TRADE": "交易",
	"MENU_POSITION": "持倉",
	"MENU_MINE": "我的",

	"MENU_IPO": "一鍵申購",
	"MENU_SCRAMBLE": "一鍵配售",
	"MENU_MARGIN": "融资融券",
	"MENU_BLOCK": "大宗交易",
	"MENU_SERVICE": "客服中心",
	"MENU_LONGHU": "龙虎榜",
	"MENU_DASHBOARD": "资金流向",
	"MENU_TREND": "大盘风向",
	"MENU_DATA": "数据中心",
	"MENU_ALL": "全部",
	"MENU_NOR_BUY": "普通買入",
	"MENU_NOR_SELL": "普通賣出",
	"MENU_MARGIN_BUY": "融資買入",
	"MENU_MARGIN_SELL": "融券賣出",
	"MENU_BANK_IN": "銀證轉出",
	"MENU_BANK_OUT": "銀證轉入",
	"MENU_NEWS_HOT": "熱點資訊",
	"MENU_PERFORMANCE": "業績大全",
	"MENU_HS_ETF": "沪深股通ETF",
	"MENU_GEM": "创业板",
	"MENU_AH": "AH比价",
	"MENU_FAQ": "董秘问答",
	"MENU_REPORT": "金麒麟研报",
	"MENU_ACCOUNT_UPGRADE": "账户升级",


	"LAUNCH_TIP0": "连接中...",
	"LAUNCH_TIP1": "正在确定应用版本...",
	"LAUNCH_TIP2": "网络环境安全检查进行中...",
	"LAUNCH_TIP3": "连接到国际投资机构...",
	"LAUNCH_TIP4": "连接到机构账户权限中...",



	"REAL_NAME": "真实姓名",
	"BANK_TTILE": "银行卡管理",
	"BANK_NAME": "银行名称",
	"BANK_ID": "银行卡号码",


	"AUTH_TITLE": "实名认证",
	"AUTH_ID": "身份证号码",
	"AUTH_FRONT": "身份证正面照片",
	"AUTH_BACK": "身份证背面照片",
	"AUTH_TIP": "实名认证 规则",
	"AUTH_TIP0": "如果您的证件不正确，可能会拒绝验证。请注意解决方案。",
	"AUTH_TIP1": "避免在身份证明文件上出现光线反射和阴影。",
	"AUTH_TIP2": "注册前请检查您的证件的准确性和有效性。",
	"AUTH_TITLE1": "身份验证与安全",
	"AUTH_TITLE2": "安全的用户操作，账户保护和异常访问防范",










	"COMMON_WELCOME": "歡迎來到 ",
	"COMMON_ENTER": "請輸入 ",
	"COMMON_EMPTY_DATA": "空數據",
	"COMMON_100": "僅顯示前100條數據",
	"COMMON_READ": "閱讀",
	"COMMON_SUCCESS": " 成功",
	"COMMON_VERSION": "版本",
	"COMMON_KEYWORDS": "關鍵詞",
	"COMMON_FILTER": "過濾",
	"COMMON_SEARCH": "搜索",
	"COMMON_CANCEL": "取消",
	"COMMON_CONFIRM": "確認",
	"COMMON_SUBMIT": "提交",
	"COMMON_CONTACT_SERVICE": "聯繫客服",
	"COMMON_DT": "日期時間",
	"COMMON_DESC": "描述",
	"COMMON_SN": "序號",
	"COMMON_BALANCE": "餘額",
	"COMMON_GOODS": "商品",
	"COMMON_RECORD": "記錄",
	"COMMON_BUY": "購買",
	"COMMON_SELL": "出售",
	"COMMON_RULE": " 規則",
	"COMMON_MINUTE": "分鐘",
	"COMMON_DAY": "天",
	"COMMON_WEEK": "週",
	"COMMON_MONTH": "月",
	"COMMON_OPEN": "開啟",
	"COMMON_CLOSE": "關閉",
	"COMMON_HIGH": "高",
	"COMMON_LOW": "低",
	"COMMON_AMOUNT": "數量",
	"COMMON_LATEST_DT": "最新日期時間",
	"COMMON_UNREAL": "未驗證",
	"COMMON_REAL": "已驗證",
	"COMMON_UPLOAD": "上傳 ",
	"COMMON_AVATAR": "頭像",
	"COMMON_PRICE": "價格",
	"COMMON_ORDERS": "訂單",
	"COMMON_LEVER": "杠杆",
	"COMMON_FEE": "費用",
	"COMMON_STOCK": "股",
	"UNIT_SHARES": "股數",

	"LGRE_TITLE": "語言",

	"API_TOKEN_EXPIRES": "登錄狀態已過期，請重新登錄",
	"API_HTTP_ERROR": "請求異常，請檢查您的網絡",
	"API_UPLOAD": "上傳中...",
	"API_REQUEST_DATA": "請求數據",
	"API_LOGIN": "正在登錄中",
	"API_REGISTER": "正在註冊中",
	"API_SUBMITING": "提交中",
	"API_NETWORKNO": "沒有網絡或網絡狀態不佳。",

	"SIGN_TITLE_IN": "登錄",
	"SIGN_TITLE_UP": "註冊",
	"SIGN_ACCOUNT": "帳戶",
	"SIGN_USERNAME": "用戶名",
	"SIGN_EMAIL": "電子郵件",
	"SIGN_MOBILE": "手機",
	"SIGN_ADDRESS": "錢包地址",
	"SIGN_PWD": "密碼",
	"SIGN_PWD_CONFIRM": "確認密碼",
	"SIGN_LOGIN_VCODE": "驗證碼登錄",
	"SIGN_LOGIN_PWD": "帳號密碼登錄",
	"SIGN_GET_VCODE": "獲取驗證碼",
	"SIGN_VCODE": "驗證碼",
	"SIGN_REMEMBER": "記住密碼",
	"SIGN_FORGOT": "忘記密碼？",
	"SIGN_NO_ACCOUNT": "還沒有帳戶嗎？",
	"SIGN_NOW": " 現在",
	"SIGN_SUCCESS_SIGN_IN": "登錄成功",
	"SIGN_INVITATION": "邀請碼",
	"SIGN_AGREE": "我同意 ",
	"SIGN_TERMS": "使用條款和隱私協議",
	"SIGN_EXIST_ACCOUNT": "已有賬戶",
	"SIGN_OUT": "登出",

	"TIP_PWDDIFF": "兩個密碼不匹配",
	"TIP_CHECK_AGREE": "請確認已同意",
	"TIP_VALID": "請輸入有效的值",
	"TIP_DECIMAL_PREFIX": "最多 ",
	"TIP_DECIMAL_SUFFIX": " 位小數",
	"TIP_BTN": "請稍候",

	"HOME_WEALTH_TITLE": "理財",
	"HOME_WEALTH_TITLE1": "速遞",
	"HOME_WEALTH_NEWS": "新發",
	"HOME_TAB_0": "行情",
	"HOME_TAB_1": "次新股",
	"HOME_TAB_2": "延报",
	"HOME_TAB_3": "业绩大全",

	"HOME_NEW_TAB_0": "财经要闻",
	"HOME_NEW_TAB_1": "经济数据",
	"HOME_NEW_TAB_2": "全球股市",
	"HOME_NEW_TAB_3": "7*24全球",
	"HOME_NEW_TAB_4": "商品资讯",

	"FEATURES_TITLE": "两融全部功能",

	"MARKET_HS": "滬深",
	"MARKET_KPI": "指數",
	"MARKET_HK": "港股",
	"MARKET_US": "美股",
	"MARKET_TRACK": "收藏",





	"STOCK_TITLE": "股票詳情",
	"STOCK_PRICE": "價格",
	"STOCK_RATE": "比率",
	"STOCK_RATE_NUM": "比率金額",
	"STOCK_ORDERS_TITLE": "股票訂單",
	"STOCK_TOTAL": "總金額",
	"STOCK_FREEZE": "凍結金額",

	"POSITION_HOLD": "持有",
	"POSITION_RECORD": "記錄",
	"POSITION_BUY_DT": "買入日期",
	"POSITION_SELL_DT": "賣出日期",
	"POSITION_BUY_PRICE": "買入價格",
	"POSITION_BUY_QTY": "買入數量",
	"POSITION_BUY_FEE": "買入手續費",
	"POSITION_BUY_AMOUNT": "買入金額",
	"POSITION_FLOAT_PL": "浮動盈虧",
	"POSITION_PL_RATE": "盈虧比率",
	"POSITION_TOTAL": "總計",
	"POSITION_LEVER": "槓桿",
	"POSITION_PL": "盈虧",
	"POSITION_CUR_PRICE": "最新價格",
	"POSITION_SELL_PRICE": "賣出價格",
	"POSITION_ASK": "您想要出售嗎？",

	"ASSETS_TOTAL": "資產總計",
	"ASSETS_FREEZE": "資產凍結",

	"AI_TITLE": "AI 交易",
	"AI_GOODS": "AI 購買",
	"AI_APPLY": "申請記錄",
	"AI_SUCCESS": "成功記錄",
	"AI_STATUS": "狀態",
	"AI_AMOUNT": "數量",
	"AI_AMOUNT_SUCCESS": "成功數量",
	"AI_PRICE": "價格",
	"AI_RULE": " 規則",
	"AI_RULE0": "作為一種交易技術，投資者通過在同一天內買入和賣出快速上漲的股票來獲取利潤。",
	"AI_RULE1": "投資者根據股價進行公平交易和決策。",
	"AI_RULE2": "如果在購買後獲得利潤，您可以在“日內交易”標籤中查看，並選擇以利潤出售。",
	"AI_RULE3": "為了保護快速上漲股票的利潤和保密性，股票代碼和詳細信息在購買期間不會被分享。",
	"AI_MODAL_CONTENT": "您確定要提交您的訂單嗎？",

	"BLOCK_TITLE": "大宗交易",
	"BLOCK_RECORD_TITLE": "大宗交易 記錄",
	"BLOCK_PRICE": "價格",
	"BLOCK_QTY": "數量",
	"BLOCK_AMOUNT": "金額",
	"BLOCK_PRICE_LATEST": "最新價格",
	"BLOCK_RATE": "比率",
	"BLOCK_RATE_AMOUNT": "比率金額",
	"BLOCK_FLOAT_PL": "浮動盈虧",
	"BLOCK_PL": "盈虧",
	"BLOCK_PWD_TITLE": "區塊交易密鑰",
	"BLOCK_PWD_TIP": "請聯繫您的銷售人員",

	"IPO_TITLE": "首次公開募股",
	"IPO_RECORD_TITLE": "申购记录",



	"IPO_GOODS": "商品",
	"IPO_APPLY": "申請記錄",
	"IPO_SUCCESS": "成功記錄",
	"IPO_SUB_DT": "申購日期",
	"IPO_OLINE_DT": "上市日期",
	"IPO_PRICE": "價格",
	"IPO_ISS_AMOUNT": "發行金額",
	"IPO_APPLY_AMOUNT": "申請金額",
	"IPO_APPLY_QTY": "申請數量",
	"IPO_MODAL_TITLE": "公開發行股票申購申請",
	"IPO_MODAL_CONTENT": "如果您想申請申購，請點擊確認",
	"IPO_WIN_AMOUNT": "中獎金額",
	"IPO_WIN_QTY": "中獎數量",
	"IPO_FREEZE": "凍結",
	"IPO_UNPAY_AMOUNT": "未支付金額",
	"IPO_SUCCESS_TOTAL": "總金額",
	"IPO_SUCCESS_TITLE": "恭喜您，您已成功訂閱原始股票！",
	"IPO_SUCCESS_TIP": "為了保證您的利潤，請確保在付款前您的帳戶中有足夠的資金。祝您投資成功！",
	"IPO_SUCCESS_CLOSE": "關閉",

	"EA_TITLE": "EA",
	"EA_GOODS": "商品",
	"EA_RECORD": "記錄",
	"EA_PRICE": "價格",
	"EA_MIN_AMOUNT": "最低金額",
	"EA_BUY_AMOUNT": "金額",
	"EA_GROWTH": "增長",
	"EA_PROFIT_RATE": "利潤率",
	"EA_CYCLE": "周期天數",
	"EA_SDT": "開始日期",
	"EA_END_DT": "結束日期",
	"EA_MODAL_CONTENT": "您確定要出售嗎？",
	"EA_FEE": "費用",

	"SCRAMBLE_TITLE": "配售",
	"SCRAMBLE_PRICE": "價格",
	"SCRAMBLE_SUCCESS_AMOUNT": "成功數量",
	"SCRAMBLE_TOTAL_AMOUNT": "總金額",

	"DEPOSIT_TITLE": "存款",
	"DEPOSIT_TIPS": "最低存款金額 ",
	"DEPOSIT_RULE0": "存款可以在 09:00-22:00 和假日期間進行。",
	"DEPOSIT_RULE1": "為了確保資金安全轉移，請在每次存款前聯繫客服並確認帳戶信息。因轉帳到錯誤帳戶而可能發生的損失將由用戶承擔。",

	"WITHDRAW_TITLE": "提款",
	"WITHDRAW_AMOUNT": "金額",
	"WITHDRAW_PWD": "提款密碼",
	"WITHDRAW_TIPS": "最低提款金額 ",
	"WITHDRAW_RULE0": "未售出的股份不能提取。",
	"WITHDRAW_RULE1": "在身份驗證和賬戶驗證後可以進行提款。",
	"WITHDRAW_RULE2": "提款時間為工作日的 09:00-18:00（週末和假日期間不支援提款）。",
	"WITHDRAW_RULE3": "申請最少 100 單位後，資金將儘快轉入指定帳戶。",
	"WITHDRAW_RULE4": "在提款申請後，資金將在同一天轉入指定帳戶。",

	"SERVICE_TITLE": "服務",
	"NOTIFY_TITLE": "通知",
	"MINE_SET": "設定",
	"EDIT_PROFILE": "編輯個人資料",
	"NICK_NAME": "暱稱",





	"SET_PWD_TITLE": "設置登錄密碼",
	"SET_PWD_TITLE1": "設置登錄密碼",
	"SET_PWD_TITLE2": "設置或修改您的登錄密碼",
	"SET_PWD_OLD": "當前密碼",
	"SET_PWD_NEW": "新密碼",
	"SET_PWD_CONFIM": "確認新密碼",

	"SET_PAY_PWD_TITLE": "設置支付密碼",
	"SET_PAY_PWD_TITLE1": "設置支付密碼",
	"SET_PAY_PWD_TITLE2": "設置或修改您的支付密碼",

	"FLOW_TITLE": "交易流",
	"FLOW_TRADE": "交易記錄",
	"FLOW_DEPOSIT": "存款記錄",
	"FLOW_WITHDRAW": "提款記錄",
	"FLOW_TRADE_AFTER": "交易後",
	"FLOW_TRADE_BEFORE": "交易前",
	"FLOW_MONEY": "金額",
	"FLOW_REASON": "原因",
	"FLOW_MODAL_TITLE": "您想要取消提款申請嗎？",

	"TERMS_TITLE": "條款",
	"ABOUT_US": "關於我們"
}