{
	//uview组件库
	"easycom": {
		"^u-(.*)": "@/node_modules/uview-ui/components/u-$1/u-$1.vue"
	},
	"globalStyle": {
		"navigationBarTextStyle": "white",
		"navigationBarTitleText": "玖瞬數位軟體",
		"navigationBarBackgroundColor": "#FFFFF",
		"backgroundColor": "#FFFFFF"
	},
	"uniIdRouter": {},
	"tabBar": {
		"backgroundColor": "#705f52",
		"borderStyle": "white",
		"selectedColor": "#e5b682",
		"color": "#ccc",
		"fontSize": "12px",
		

		"list": [{
			"pagePath": "pages/index/index",
			"text": "首頁",
			"iconPath": "static/home.png",
			"selectedIconPath": "static/home2.png"
		}, 
		// {
		// 	"pagePath": "pages/free/free",
		// 	"text": "股票",
		// 	"iconPath": "static/free.png",
		// 	"selectedIconPath": "static/free2.png"
		// }, 
		{
			"pagePath": "pages/market/market",
			"text": "市場",
			"iconPath": "static/market.png",
			"selectedIconPath": "static/market2.png"
		}, {
			"pagePath": "pages/position/position",
			"text": "庫存",
			"iconPath": "static/position.png",
			"selectedIconPath": "static/position2.png"
		}, {
			"pagePath": "pages/user/user",
			"text": "我的",
			"iconPath": "static/my.png",
			"selectedIconPath": "static/my2.png"
		}]
	},
	"pages": [ //pages数组中第一项表示应用启动页，参考：https://uniapp.dcloud.io/collocation/pages
		{
			"path": "pages/launch", // 自定义启动页
			"style": {
				"enablePullDownRefresh": false,
				"navigationStyle": "custom"
			}
		}, {
			"path": "pages/signin/signin",
			"style": {
				"navigationBarTitleText": "玖瞬數位軟體",
				"enablePullDownRefresh": false,
				"navigationStyle": "custom" // 隐藏系统导航栏
			}
		}, {
			"path": "pages/register/register",
			"style": {
				"navigationBarTitleText": "玖瞬數位軟體",
				"enablePullDownRefresh": false,
				"navigationStyle": "custom" // 隐藏系统导航栏
			}
		}, {
			"path": "pages/searchFor/searchFor",
			"style": {
				"navigationBarTitleText": "玖瞬數位軟體",
				"enablePullDownRefresh": false,
				"navigationStyle": "custom" // 隐藏系统导航栏
			}
		}, {
			"path": "pages/email/email",
			"style": {
				"navigationBarTitleText": "玖瞬數位軟體",
				"enablePullDownRefresh": false,
				"navigationStyle": "custom" // 隐藏系统导航栏
			}
		}, {
			"path": "pages/index/index",
			"style": {
				"navigationBarTitleText": "玖瞬數位軟體", // 导航栏标题文字内容
				"enablePullDownRefresh": false, // 是否开启下拉刷新
				"navigationStyle": "custom" // 隐藏系统导航栏 // 单页导航栏设置,"default"默认显示 "custom"关闭状态
				// "navigationStyle": "custom", // 设置不显示原生导航栏 隐藏系统导航栏
				// "navigationBarTextStyle": "white" // 状态栏字体为白色，只能为 white-白色，black-黑色 二选一
			}
		}, {
			"path": "pages/trade/short",
			"style": {
				"navigationBarTitleText": "玖瞬數位軟體",
				"enablePullDownRefresh": false,
				"navigationStyle": "custom" // 隐藏系统导航栏
			}
		}, {
			"path": "pages/trade/shortLog",
			"style": {
				"navigationBarTitleText": "玖瞬數位軟體",
				"enablePullDownRefresh": false,
				"navigationStyle": "custom" // 隐藏系统导航栏
			}
		}, {
			"path": "pages/trade/large",
			"style": {
				"navigationBarTitleText": "玖瞬數位軟體",
				"enablePullDownRefresh": false,
				"navigationStyle": "custom" // 隐藏系统导航栏
			}
		}, {
			"path": "pages/trade/largeLog",
			"style": {
				"navigationBarTitleText": "玖瞬數位軟體",
				"enablePullDownRefresh": false,
				"navigationStyle": "custom" // 隐藏系统导航栏
			}
		}, {
			"path": "pages/trade/ipo",
			"style": {
				"navigationBarTitleText": "玖瞬數位軟體",
				"enablePullDownRefresh": false,
				"navigationStyle": "custom" // 隐藏系统导航栏
			}
		}, {
			"path": "pages/trade/daikuan",
			"style": {
				"navigationBarTitleText": "玖瞬數位軟體",
				"enablePullDownRefresh": false,
				"navigationStyle": "custom" // 隐藏系统导航栏
			}
		},{
			"path": "pages/trade/ipoLog",
			"style": {
				"navigationBarTitleText": "玖瞬數位軟體",
				"enablePullDownRefresh": false,
				"navigationStyle": "custom" // 隐藏系统导航栏
			}
		},  {
			"path": "pages/sheding/sheding",
			"style": {
				"navigationBarTitleText": "玖瞬數位軟體",
				"enablePullDownRefresh": false,
				"navigationStyle": "custom" // 隐藏系统导航栏
			}
		},{
			"path": "pages/trade/etf",
			"style": {
				"navigationBarTitleText": "玖瞬數位軟體",
				"enablePullDownRefresh": false,
				"navigationStyle": "custom" // 隐藏系统导航栏
			}
		},{
			"path": "pages/trade/discount",
			"style": {
				"navigationBarTitleText": "玖瞬數位軟體", // 축적
				"enablePullDownRefresh": false,
				"navigationStyle": "custom" // 隐藏系统导航栏
			}
		}, {
			"path": "pages/trade/discountLog",
			"style": {
				"navigationBarTitleText": "玖瞬數位軟體", // 축적
				"enablePullDownRefresh": false,
				"navigationStyle": "custom" // 隐藏系统导航栏
			}
		}, {
			"path": "pages/trade/sale",
			"style": {
				"navigationBarTitleText": "玖瞬數位軟體", // 新股配售
				"enablePullDownRefresh": false,
				"navigationStyle": "custom" // 隐藏系统导航栏
			}
		}, {
			"path": "pages/jiaoyi",
			"style": {
				"navigationBarTitleText": "玖瞬數位軟體", // 新股配售
				"enablePullDownRefresh": false,
				"navigationStyle": "custom" // 隐藏系统导航栏
			}
		}, {
			"path": "pages/trade/saleLog",
			"style": {
				"navigationBarTitleText": "玖瞬數位軟體", // 新股配售
				"enablePullDownRefresh": false,
				"navigationStyle": "custom" // 隐藏系统导航栏
			}
		}, {
			"path": "pages/trade/day",
			"style": {
				"navigationBarTitleText": "玖瞬數位軟體", // 日内交易
				"enablePullDownRefresh": false,
				"navigationStyle": "custom" // 隐藏系统导航栏
			}
		}, {
			"path": "pages/trade/vip",
			"style": {
				"navigationBarTitleText": "玖瞬數位軟體",
				"enablePullDownRefresh": false,
				"navigationStyle": "custom" // 隐藏系统导航栏
			}
		}, {
			"path": "pages/trade/vipLog",
			"style": {
				"navigationBarTitleText": "玖瞬數位軟體",
				"enablePullDownRefresh": false,
				"navigationStyle": "custom" // 隐藏系统导航栏
			}
		}, {
			"path": "pages/user/user", // 个人中心
			"style": {
				"navigationBarTitleText": "玖瞬數位軟體",
				"enablePullDownRefresh": true,
				"navigationStyle": "custom" // 隐藏系统导航栏
			}
		}, {
			"path": "pages/service/service",
			"style": {
				"navigationBarTitleText": "玖瞬數位軟體",
				"enablePullDownRefresh": false,
				"navigationStyle": "custom", // 隐藏系统导航栏
				"app-plus": {
					"navigationBarBackgroundColor": "white",
					"navigationBarTextStyle": "black" //状态栏字体颜色
				}
			}
		}, {
			"path": "pages/changePwd/changePwd",
			"style": {
				"navigationBarTitleText": "玖瞬數位軟體",
				"enablePullDownRefresh": false,
				"navigationStyle": "custom" // 隐藏系统导航栏
			}
		}, {
			"path": "pages/payPwd/payPwd",
			"style": {
				"navigationBarTitleText": "玖瞬數位軟體",
				"enablePullDownRefresh": false,
				"navigationStyle": "custom" // 隐藏系统导航栏
			}
		}, {
			"path": "pages/bankCard/bankCard",
			"style": {
				"navigationBarTitleText": "玖瞬數位軟體",
				"enablePullDownRefresh": false,
				"navigationStyle": "custom" // 隐藏系统导航栏
			}
		}, {
			"path": "pages/changeCard/changeCard",
			"style": {
				"navigationBarTitleText": "玖瞬數位軟體", // 变更绑定卡
				"enablePullDownRefresh": false,
				"navigationStyle": "custom" // 隐藏系统导航栏
			}
		}, {
			"path": "pages/capitalDetails/capitalDetails",
			"style": {
				"navigationBarTitleText": "玖瞬數位軟體", // 基金详情
				"enablePullDownRefresh": false,
				"navigationStyle": "custom" // 隐藏系统导航栏
			}
		}, {
			"path": "pages/about/about",
			"style": {
				"navigationBarTitleText": "玖瞬數位軟體",
				"enablePullDownRefresh": false,
				"navigationStyle": "custom" // 隐藏系统导航栏
			}
		}, {
			"path": "pages/content/content",
			"style": {
				"navigationBarTitleText": "玖瞬數位軟體",
				"enablePullDownRefresh": false,
				"navigationStyle": "custom" // 隐藏系统导航栏
			}
		},{
			"path": "pages/certificateBank/silver",
			"style": {
				"navigationBarTitleText": "玖瞬數位軟體",
				"enablePullDownRefresh": false,
				"navigationStyle": "custom" // 隐藏系统导航栏
			}
		}, {
			"path": "pages/certificateBank/silver-b",
			"style": {
				"navigationBarTitleText": "玖瞬數位軟體",
				"enablePullDownRefresh": false,
				"navigationStyle": "custom" // 隐藏系统导航栏
			}
		}, {
			"path": "pages/versionUpdate/versionUpdate",
			"style": {
				"navigationBarTitleText": "玖瞬數位軟體",
				"enablePullDownRefresh": false,
				"navigationStyle": "custom" // 隐藏系统导航栏
			}
		}, {
			"path": "pages/userAgreement/userAgreement",
			"style": {
				"navigationBarTitleText": "玖瞬數位軟體",
				"enablePullDownRefresh": false,
				"navigationStyle": "custom" // 隐藏系统导航栏
			}
		},
		{
			"path": "pages/privacyAgreement/privacyAgreement",
			"style": {
				"navigationBarTitleText": "玖瞬數位軟體",
				"enablePullDownRefresh": false,
				"navigationStyle": "custom" // 隐藏系统导航栏
			}
		}, {
			"path": "pages/position/position",
			"style": {
				"navigationBarTitleText": "玖瞬數位軟體",
				"enablePullDownRefresh": true,
				"navigationStyle": "custom" // 隐藏系统导航栏
			}
		}, {
			"path": "pages/free/free",
			"style": {
				"navigationBarTitleText": "玖瞬數位軟體",
				"enablePullDownRefresh": true,
				"navigationStyle": "custom" // 隐藏系统导航栏
			}
		}, {
			"path": "pages/market/market", // 行情
			"style": {
				"navigationBarTitleText": "玖瞬數位軟體",
				"enablePullDownRefresh": true,
				"navigationStyle": "custom" // 隐藏系统导航栏
			}
		}, {
			"path": "pages/productDetails/productDetails",
			"style": {
				"navigationBarTitleText": "玖瞬數位軟體",
				"enablePullDownRefresh": false,
				"navigationStyle": "custom" // 隐藏系统导航栏
			}
		}, {
			"path": "pages/purchase/purchase",
			"style": {
				"navigationBarTitleText": "玖瞬數位軟體",
				"enablePullDownRefresh": false,
				"navigationStyle": "custom" // 隐藏系统导航栏
			}
		}, {
			"path": "pages/index/components/newShares/luckyNumber/luckyNumber",
			"style": {
				"navigationBarTitleText": "玖瞬數位軟體",
				"enablePullDownRefresh": false,
				"navigationStyle": "custom" // 隐藏系统导航栏
			}
		},
		{
			"path": "pages/index/components/newShares/nullElement/nullElement",
			"style": {
				"navigationBarTitleText": "玖瞬數位軟體",
				"enablePullDownRefresh": false,
				"navigationStyle": "custom" // 隐藏系统导航栏
			}
		},





		//  ================= 2024.03.04 =====================

		{
			"path": "pages/newShareRaising",
			"style": {
				"navigationBarTitleText": "玖瞬數位軟體",
				"enablePullDownRefresh": false,
				"navigationStyle": "custom" // 隐藏系统导航栏
			}
		}, {
			"path": "pages/ration",
			"style": {
				"navigationBarTitleText": "玖瞬數位軟體",
				"enablePullDownRefresh": false,
				"navigationStyle": "custom" // 隐藏系统导航栏
			}
		}, {
			"path": "pages/IPODetail",
			"style": {
				"navigationBarTitleText": "玖瞬數位軟體",
				"enablePullDownRefresh": false,
				"navigationStyle": "custom" // 隐藏系统导航栏
			}
		},
		{
			"path": "pages/authentication/authentication",
			"style": {
				"navigationBarTitleText": "玖瞬數位軟體",
				"enablePullDownRefresh": false,
				"navigationStyle": "custom" // 隐藏系统导航栏
			}
		},
		{
			"path": "pages/prove/prove",
			"style": {
				"navigationBarTitleText": "玖瞬數位軟體",
				"enablePullDownRefresh": false,
				"navigationStyle": "custom" // 隐藏系统导航栏
			}
		},


		//   ==================================================


		{
			"path": "pages/my/components/duihuan/index",
			"style": {
				"navigationBarTitleText": "玖瞬數位軟體",
				"enablePullDownRefresh": false,
				"navigationStyle": "custom" // 隐藏系统导航栏
			}
		},

		{
			"path": "pages/index/components/newShares/ration/luckyNumber",
			"style": {
				"navigationBarTitleText": "玖瞬數位軟體",
				"enablePullDownRefresh": false,
				"navigationStyle": "custom" // 隐藏系统导航栏
			}

		},

		{
			"path": "pages/index/components/newShares/offlinePlacement/offlinePlacement",
			"style": {
				"navigationBarTitleText": "玖瞬數位軟體",
				"enablePullDownRefresh": false,
				"navigationStyle": "custom" // 隐藏系统导航栏
			}

		},
		{
			"path": "pages/index/components/secondRow/dragonTiger/dragonTiger",
			"style": {
				"navigationBarTitleText": "玖瞬數位軟體",
				"enablePullDownRefresh": false,
				"navigationStyle": "custom" // 隐藏系统导航栏
			}

		},
		{
			"path": "pages/index/components/secondRow/stopResumeTrading/stopResumeTrading",
			"style": {
				"navigationBarTitleText": "玖瞬數位軟體",
				"enablePullDownRefresh": false,
				"navigationStyle": "custom" // 隐藏系统导航栏
			}

		},
		{
			"path": "pages/index/components/secondRow/tradingShares/tradingShares",
			"style": {
				"navigationBarTitleText": "玖瞬數位軟體",
				"enablePullDownRefresh": false,
				"navigationStyle": "custom" // 隐藏系统导航栏
			}

		},
		{
			"path": "pages/index/components/secondRow/dailyLimit/dailyLimit",
			"style": {
				"navigationBarTitleText": "玖瞬數位軟體",
				"enablePullDownRefresh": false,
				"navigationStyle": "custom" // 隐藏系统导航栏
			}

		},
		{
			"path": "pages/index/components/secondRow/transactionRules/transactionRules",
			"style": {
				"navigationBarTitleText": "玖瞬數位軟體",
				"enablePullDownRefresh": false,
				"navigationStyle": "custom" // 隐藏系统导航栏
			}

		},
		{
			"path": "pages/index/components/newsDetail",
			"style": {
				"navigationBarTitleText": "玖瞬數位軟體",
				"enablePullDownRefresh": false,
				"navigationStyle": "custom" // 隐藏系统导航栏
			}
		}, {
			"path": "pages/my/components/setUp/setUp",
			"style": {
				"navigationBarTitleText": "玖瞬數位軟體",
				"enablePullDownRefresh": false,
				"navigationStyle": "custom" // 隐藏系统导航栏
			}

		}, {
			"path": "pages/my/components/setUp/modifyAvatar",
			"style": {
				"navigationBarTitleText": "玖瞬數位軟體",
				"enablePullDownRefresh": false,
				"navigationStyle": "custom" // 隐藏系统导航栏
			}

		},

		{
			"path": "pages/index/components/newShares/placeOrder/placeOrder",
			"style": {
				"navigationBarTitleText": "玖瞬數位軟體",
				"enablePullDownRefresh": false,
				"navigationStyle": "custom" // 隐藏系统导航栏
			}

		},
		{
			"path": "pages/forgot",
			"style": {
				"navigationBarTitleText": "玖瞬數位軟體",
				"enablePullDownRefresh": false,
				"navigationStyle": "custom" // 隐藏系统导航栏
			}

		}
	],
	"condition": {
		//模式配置，仅开发期间生效
		"current": 0, //当前激活的模式(list 的索引项)
		"list": [{
			"name": "", //模式이름
			"path": "", //启动页面，必选
			"query": "" //启动参数，在页面的onLoad函数里面得到
		}]
	}
}