[
  
  {
    "path": "c:\\Users\\Administrator\\Desktop\\xiangmu\\TW\\static\\chuanggai\\buy.png",
    "size": "22.58Kb"
  },
  {
    "path": "c:\\Users\\Administrator\\Desktop\\xiangmu\\TW\\static\\purchase\\renzhen.png",
    "size": "22.40Kb"
  },
  {
    "path": "c:\\Users\\Administrator\\Desktop\\xiangmu\\TW\\static\\chuanggai\\logo1.png",
    "size": "21.83Kb"
  },
  {
    "path": "c:\\Users\\Administrator\\Desktop\\xiangmu\\TW\\static\\none.png",
    "size": "7.93Kb"
  },
  {
    "path": "c:\\Users\\Administrator\\Desktop\\xiangmu\\TW\\static\\paypwd.png",
    "size": "5.45Kb"
  },
  {
    "path": "c:\\Users\\Administrator\\Desktop\\xiangmu\\TW\\static\\about.png",
    "size": "5.40Kb"
  },
  {
    "path": "c:\\Users\\Administrator\\Desktop\\xiangmu\\TW\\static\\key.png",
    "size": "5.38Kb"
  },
  {
    "path": "c:\\Users\\Administrator\\Desktop\\xiangmu\\TW\\static\\capital_deatil.png",
    "size": "5.31Kb"
  },
  {
    "path": "c:\\Users\\Administrator\\Desktop\\xiangmu\\TW\\static\\verify.png",
    "size": "5.17Kb"
  },
  {
    "path": "c:\\Users\\Administrator\\Desktop\\xiangmu\\TW\\static\\applogo.jpg",
    "size": "4.86Kb"
  },
  {
    "path": "c:\\Users\\Administrator\\Desktop\\xiangmu\\TW\\static\\card.png",
    "size": "4.62Kb"
  },
  {
    "path": "c:\\Users\\Administrator\\Desktop\\xiangmu\\TW\\static\\purchase\\card.png",
    "size": "4.33Kb"
  },
  {
    "path": "c:\\Users\\Administrator\\Desktop\\xiangmu\\TW\\static\\anniu.png",
    "size": "3.50Kb"
  },
  {
    "path": "c:\\Users\\Administrator\\Desktop\\xiangmu\\TW\\static\\sy_logo.png",
    "size": "3.32Kb"
  },
  {
    "path": "c:\\Users\\Administrator\\Desktop\\xiangmu\\TW\\static\\chuanggai\\logo5.png",
    "size": "2.59Kb"
  },
  {
    "path": "c:\\Users\\Administrator\\Desktop\\xiangmu\\TW\\static\\chuanggai\\logo3.png",
    "size": "1.95Kb"
  },
  {
    "path": "c:\\Users\\Administrator\\Desktop\\xiangmu\\TW\\static\\icon\\qxsc.png",
    "size": "1.79Kb"
  },
  {
    "path": "c:\\Users\\Administrator\\Desktop\\xiangmu\\TW\\static\\market\\lishi.png",
    "size": "1.67Kb"
  },
  {
    "path": "c:\\Users\\Administrator\\Desktop\\xiangmu\\TW\\static\\kefu\\zalo.png",
    "size": "1.50Kb"
  },
  {
    "path": "c:\\Users\\Administrator\\Desktop\\xiangmu\\TW\\static\\kefu\\telegram.png",
    "size": "1.45Kb"
  },
  {
    "path": "c:\\Users\\Administrator\\Desktop\\xiangmu\\TW\\static\\failed.png",
    "size": "1.43Kb"
  },
  {
    "path": "c:\\Users\\Administrator\\Desktop\\xiangmu\\TW\\static\\applogo-png.png",
    "size": "1.36Kb"
  },
  {
    "path": "c:\\Users\\Administrator\\Desktop\\xiangmu\\TW\\static\\zhang.png",
    "size": "1.33Kb"
  },
  {
    "path": "c:\\Users\\Administrator\\Desktop\\xiangmu\\TW\\static\\service.png",
    "size": "1.19Kb"
  },
  {
    "path": "c:\\Users\\Administrator\\Desktop\\xiangmu\\TW\\static\\vip.png",
    "size": "1.15Kb"
  },
  {
    "path": "c:\\Users\\Administrator\\Desktop\\xiangmu\\TW\\static\\erceng\\11.png",
    "size": "1.11Kb"
  },
  {
    "path": "c:\\Users\\Administrator\\Desktop\\xiangmu\\TW\\static\\erceng\\55.png",
    "size": "1.10Kb"
  },
  {
    "path": "c:\\Users\\Administrator\\Desktop\\xiangmu\\TW\\static\\unverify.png",
    "size": "1.09Kb"
  },
  {
    "path": "c:\\Users\\Administrator\\Desktop\\xiangmu\\TW\\static\\erceng\\22.png",
    "size": "1.08Kb"
  },
  {
    "path": "c:\\Users\\Administrator\\Desktop\\xiangmu\\TW\\static\\laba.png",
    "size": "998b"
  },
  {
    "path": "c:\\Users\\Administrator\\Desktop\\xiangmu\\TW\\static\\erceng\\77.png",
    "size": "956b"
  },
  {
    "path": "c:\\Users\\Administrator\\Desktop\\xiangmu\\TW\\static\\erceng\\33.png",
    "size": "955b"
  },
  {
    "path": "c:\\Users\\Administrator\\Desktop\\xiangmu\\TW\\static\\market\\order.png",
    "size": "954b"
  },
  {
    "path": "c:\\Users\\Administrator\\Desktop\\xiangmu\\TW\\static\\erceng\\99.png",
    "size": "944b"
  },
  {
    "path": "c:\\Users\\Administrator\\Desktop\\xiangmu\\TW\\static\\erceng\\10.png",
    "size": "934b"
  },
  {
    "path": "c:\\Users\\Administrator\\Desktop\\xiangmu\\TW\\static\\card-png.png",
    "size": "880b"
  },
  {
    "path": "c:\\Users\\Administrator\\Desktop\\xiangmu\\TW\\static\\auth.png",
    "size": "870b"
  },
  {
    "path": "c:\\Users\\Administrator\\Desktop\\xiangmu\\TW\\static\\erceng\\88.png",
    "size": "858b"
  },
  {
    "path": "c:\\Users\\Administrator\\Desktop\\xiangmu\\TW\\static\\top1-png.png",
    "size": "853b"
  },
  {
    "path": "c:\\Users\\Administrator\\Desktop\\xiangmu\\TW\\static\\sc_ts.png",
    "size": "850b"
  },
  {
    "path": "c:\\Users\\Administrator\\Desktop\\xiangmu\\TW\\static\\chuanggai\\logo4.png",
    "size": "806b"
  },
  {
    "path": "c:\\Users\\Administrator\\Desktop\\xiangmu\\TW\\static\\renzheng2.png",
    "size": "804b"
  },
  {
    "path": "c:\\Users\\Administrator\\Desktop\\xiangmu\\TW\\static\\erceng\\66.png",
    "size": "726b"
  },
  {
    "path": "c:\\Users\\Administrator\\Desktop\\xiangmu\\TW\\static\\shuaxin-png.png",
    "size": "719b"
  },
  {
    "path": "c:\\Users\\Administrator\\Desktop\\xiangmu\\TW\\static\\wallet.png",
    "size": "715b"
  },
  {
    "path": "c:\\Users\\Administrator\\Desktop\\xiangmu\\TW\\static\\zhengyan.png",
    "size": "714b"
  },
  {
    "path": "c:\\Users\\Administrator\\Desktop\\xiangmu\\TW\\static\\shuaxin-png-png.png",
    "size": "711b"
  },
  {
    "path": "c:\\Users\\Administrator\\Desktop\\xiangmu\\TW\\static\\die.png",
    "size": "562b"
  },
  {
    "path": "c:\\Users\\Administrator\\Desktop\\xiangmu\\TW\\static\\shezhi.png",
    "size": "535b"
  },
  {
    "path": "c:\\Users\\Administrator\\Desktop\\xiangmu\\TW\\static\\renzheng.png",
    "size": "490b"
  },
  {
    "path": "c:\\Users\\Administrator\\Desktop\\xiangmu\\TW\\static\\star2.png",
    "size": "478b"
  },
  {
    "path": "c:\\Users\\Administrator\\Desktop\\xiangmu\\TW\\static\\zjt.png",
    "size": "474b"
  },
  {
    "path": "c:\\Users\\Administrator\\Desktop\\xiangmu\\TW\\static\\star.png",
    "size": "455b"
  },
  {
    "path": "c:\\Users\\Administrator\\Desktop\\xiangmu\\TW\\static\\3.png",
    "size": "433b"
  },
  {
    "path": "c:\\Users\\Administrator\\Desktop\\xiangmu\\TW\\static\\biyan.png",
    "size": "407b"
  },
  {
    "path": "c:\\Users\\Administrator\\Desktop\\xiangmu\\TW\\static\\down.png",
    "size": "216b"
  },
  {
    "path": "c:\\Users\\Administrator\\Desktop\\xiangmu\\TW\\static\\up.png",
    "size": "209b"
  },
  {
    "path": "c:\\Users\\Administrator\\Desktop\\xiangmu\\TW\\static\\zuoshijiantou.png",
    "size": "179b"
  }
]