{
	"@metadata": {
		"author": "",
		"lastupdated": "",
		"locale": "en-US",
		"description": ""
	},

	"MENU_HOME": "Home",
	"MENU_MARKET": "Markets",
	"MENU_TRADE": "Trade",
	"MENU_POSITION": "Position",
	"MENU_ACCOUNT": "Account",
	"MENU_AI": "AI Trading",
	"MENU_OTC": "OTC",
	"MENU_IPO": "IPO",
	"MENU_SCR": "Scramble",
	"MENU_DEPOSIT": "Deposit",
	"MENU_WITHDRAW": "Withdraw",
	"MENU_AUTH": "Auth",
	"MENU_BANK_CARD": "Bank Card",
	"MENU_CONVERT": "Currency Convert",
	"MENU_LOANS": "Loans",
	"MENU_CONVERT_RECORD": "Currency Convert Record",
	"MENU_PWD_ACCOUNT": "Sign in Password",
	"MENU_PWD_PAY": "Payment Password",
	"MENU_FUNDS": "Funds",
	"MENU_TERMS": "Terms",
	"MENU_ABOUT": "About us",
	"MENU_SERVICE": "Service",
	"MENU_PROFILE": "Profile",
	"MENU_NOTIFY": "Notice",
	"MENU_NEWS": "News",
	"MENU_PLACE": "Marketplace",

	"LAUNCH_TIPS": ["Connecting...",
		"Determining application version...",
		"Network environment safety inspection in progress...",
		"Connecting to international investing institutes...",
		"connecting to institutional account permissions..."
	],

	"COMMON_WELCOME": "Welcome Back!",
	"COMMON_VERSION": "Version",

	"SIGN_TITLE_IN": "Sign in",
	"SIGN_TITLE_UP": "Sign up",
	"SIGN_OUT": "Sign out",
	"SIGN_ACCOUNT": "Account",
	"SIGN_PWD": "Password",
	"SIGN_PWD_CONFIRM": "Confirm password",
	"SIGN_REMEMBER": "Remember password",
	"SIGN_FORGOT": "Forgot password?",
	"SIGN_ACCOUNT_NO": "Don't have an account?",
	"SIGN_ACCOUNT_HAVE": "Already have an account?",
	"SIGN_NOW_IN": "Sign in now",
	"SIGN_NOW_UP": "Sign up now",
	"SIGN_INVITATION": "Invitation code",
	"SIGN_AGREE": "Agree to terms and conditions",
	"SIGN_TERMS": "Terms of use and privacy treaty",
	"P_SIGN_ACCOUNT": "Enter account",
	"P_SIGN_PWD": "Enter password",
	"P_SIGN_INVITATION": "Enter invitation code",
	"TIP_PWDDIFF": "The two passwords do not match",
	"TIP_CHECK_AGREE": "Please checked agree",
	"API_SUCCESS_SIGNIN": "Sign in successful",
	"API_SUCCESS_SIGNUP": "Sign up successful",

	"ASSETS_TITLE": "Asset information",

	"ASSETS_TOTAL": "Total Assets",
	"ASSETS_BALANCE": "Balance",
	"ASSETS_FROZEN": "Frozen",
	"ASSETS_HOLD_PL": "Hold P&L",
	"ASSETS_TOTAL_PL": "Total P&L",
	"ASSETS_DETAIL": "Details",

	"NEWS_TABS": ["Haberler", "Piyasa", "Ekonomi", "Sektör", "Tahvil", "Türev Ürünler", "Şirket", "Yatırım"],

	"AUTH_STATUS": ["Unverified", "Verified"],
	"AUTH_REAL_NAME": "Real Name",
	"P_AUTH_REAL_NAME": "Enter Real Name",
	"AUTH_ID": "Card Id Number",
	"P_AUTH_ID": "Enter Card Id Number",
	"AUTH_ID_FRONT": "ID Front",
	"P_AUTH_ID_FRONT": "Upload ID Front",
	"TIP_AUTH_ID_FRONT": "Click to upload front photo of your ID card",
	"AUTH_ID_BACK": "ID Back",
	"P_AUTH_ID_BACK": "Upload ID Back",
	"TIP_AUTH_ID_BACK": "Click to upload back photo of your ID card",
	"AUTH_BTN": "Submit",
	"AUTH_RULE_TITLE": "Real-name authentication Guidelines",
	"AUTH_RULES": [
		"If your identity information is incorrect, authentication may be rejected. Please pay attention to the solutions.",
		"Avoid light reflections and shadows on identity documents.",
		"Verify the accuracy and validity of your identity information before registration."
	],

	"BANK_REAL_NAME": "Real Name",
	"P_BANK_REAL_NAME": "Enter Real Name",
	"BANK_NAME": "Bank Name",
	"P_BANK_NAME": "Enter Bank Name",
	"BANK_ID": "Bank Card Code",
	"P_BANK_ID": "Enter Bank Card Code",

	"SET_PWD_OLD": "Current Password",
	"P_SET_PWD_OLD": "Enter Current Password",
	"SET_PWD_NEW": "New Password",
	"P_SET_PWD_NEW": "Enter New Password",
	"SET_PWD_CONFIM": "Confim New Password",
	"P_SET_PWD_CONFIM": "Enter Confim New Password",
	"SET_PWD_FORGOT": "Forgot Password?",
	"SET_PWD_LINK_SERVICE": "Contact customer service",
	"TIP_SET_PWDDIFF": "The two passwords do not match",
	"SET_PWD_BTN": "Submit",

	"CONVERT_FROM": "From Currency",
	"CONVERT_FROM_P": "Enter Amount",
	"CONVERT_AMOUNT_TIP": "Minimum convert amount:",
	"CONVERT_TO": "To Currency",
	"CONVERT_PWD": "Payment Password",
	"CONVERT_PWD_P": "Enter Payment Password",
	"CONVERT_RULE_TITLE": "Convert Guidelines",
	"CONVERT_RULES": ["Flexibly convert one currency into another."],
	"CONVERT_MONEY": "Convert Amount",
	"CONVERT_DT": "Date time",
	"CONVERT_SN": "Transaction Number",
	"CONVERT_DESC": "Description",
	"CONVERT_FROM_AMOUNT": "Form Amount",

	"FUNDS_TRADES": "Trades",
	"FUNDS_DEPOSIT": "Deposits",
	"FUNDS_WITHDRAW": "Withdrawals",
	"FUNDS_CONVERT": "Convert",
	"FUNDS_LOANS": "Loans",
	"FUNDS_TRADE_AFTER": "Trading After",
	"FUNDS_TRADE_BEFORE": "Trading Before",
	"FUNDS_MONEY": "Money",
	"FUNDS_TRADE_DT": "Date time",
	"FUNDS_TRADE_DESC": "Desc",
	"FUNDS_D_MONEY": "Deposit Money",
	"FUNDS_D_DT": "Date time",
	"FUNDS_D_SN": "Transaction Number",
	"FUNDS_W_MONEY": "Withdrawal Money",
	"FUNDS_W_DT": "Date time",
	"FUNDS_W_SN": "Transaction Number",
	"FUNDS_W_REASON": "Reason",
	"FUNDS_W_CANCEL": "Cancel",
	"FUNDS_MODAL_TITLE": "Do you want to cancel the withdrawal application?",
	"FUNDS_STATUS": ["Waitting", "Success", "Fail", "Reject"],

	"PROFILE_NAME": "Nick Name",
	"P_PROFILE_NAME": "Enter Nick Name",
	"PROFILE_AVATAR": "Upload Avatar",
	"P_PROFILE_AVATAR": "",

	"DEPOSIT_AMOUNT": "Deposit Amount",
	"P_DEPOSIT_AMOUNT": "Enter Deposit Amount",
	"DEPOSIT_TIP_AMOUNT": "Minimum recharge amount:",
	"DEPOSIT_BTN": "Submit",
	"DEPOSIT_RULE_TITLE": "Deposit Guidelines",
	"DEPOSIT_RULES": ["Deposits can be made between 09:00 and 22:00, and on holidays.",
		"For secure fund transfers, please contact customer service before each deposit to verify account information. Any losses resulting from transfers to incorrect accounts are the responsibility of the user."
	],

	"WITHDRAW_ANOUNT": "Withdraw Amount",
	"P_WITHDRAW_ANOUNT": "Enter Withdraw Amount",
	"WITHDRAW_TIP_AMOUNT": "c",
	"WITHDRAW_PWD": "Withdraw Password",
	"P_WITHDRAW_PWD": "Enter Withdraw Password",
	"WITHDRAW_BTN": "Submit",
	"WITHDRAW_RULE_TITLE": "Withdraw Guidelines",
	"WITHDRAW_RULES": ["Unsold shares cannot be withdrawn.",
		"Withdrawal can be made after identity verification and account verification.",
		"Withdrawals are available between 09:00-18:00 on business days (withdrawals are not supported on weekends and holidays).",
		"After applying for a minimum of 100 units, the funds will be transferred to the specified account as soon as possible.",
		"After the withdrawal application, the funds will be transferred to the specified account on the same day."
	],

	"LOANS_AMOUNT": "Loan Amount",
	"LOANS_AMOUNT_TIP": "Enter the loan amount",
	"LOANS_CYCLE": "Cycle/Interest Rate",
	"LOANS_CYCLE_TIP": "Select loan cycle",
	"LOANS_ZQ": "Cycle",
	"LOANS_RATE": "Rate",
	"LOANS_AMOUNT_H": "Repayment Amount",
	"LOANS_HKDT": "Repayment Time",
	"LOANS_DT": "Application Time",
	"LOANS_SUCCESS": "Approved Amount",
	"LOANS_STATUS": ["Pending Approval", "Approved", "Rejected"],
	"LOANS_TIPS": "Minimum loan amount",
	"LOANS_RULE_TITLE": "Credit Agreement Information",
	"LOANS_RULES": [
		"Loan approval is subject to an internal review. Submitting an application does not guarantee approval.",
		"Late repayments may result in additional interest charges. The lender also reserves the right to take legal action to recover the debt.",
		"The borrower is responsible for repaying the loan on time as agreed and assumes responsibility for any consequences of late payments."
	],

	"AI_TAB_BUY": "Buy AI",
	"AI_TAB_APPLY": "History",
	"AI_TAB_RECORD": "Success Record",
	"AI_STATUS": "Status",
	"AI_AMOUNT": "Amount",
	"AI_AMOUNT_SUCCESS": "Success Amount",
	"AI_PRICE": "Price per Share",
	"P_AI_AMOUNT": "Enter Amount",
	"AI_DT": "Date time",
	"AI_SN": "Transaction Number",
	"AI_MODAL_CONTENT": "Are you sure you want to submit your order?",
	"AI_RULE_TITLE": "AI Trading Guidelines",
	"AI_RULES": [
		"As a trading technique, investors make profits by buying and selling fast-rising stocks within the same day。",
		"Investors make fair transactions and decisions according to the share price。",
		"If profits are made after buying, you can view it in the “day trading” tab and choose to sell at a profit。",
		"To protect the profits and confidentiality of rapidly rising stocks, the stock code and details are not shared during the buying period."
	],

	"OTC_TAB_BUY": "Stocks",
	"OTC_TAB_APPLY": "History",
	"OTC_TAB_RECORD": "Success Record",
	"OTC_PRICE": "Price per Share",
	"OTC_MIN": "Minimum quantity",
	"OTC_PRICE_LATEST": "Latest Price",
	"OTC_RATE": "Rate",
	"OTC_RATE_NUM": "Rate amount",
	"OTC_BUY": "Buy",
	"OTC_DT": "Date time",
	"OTC_SN": "Transaction Number",
	"OTC_A_QTY": "Buy Shares",
	"OTC_A_AMOUNT": "Buy Amount",
	"OTC_A_PL": "Profit & Loss",
	"OTC_A_PL_FLOAT": "Float P&L",
	"OTC_A_LEVER": "Lever",
	"OTC_A_FEE": "Fee",
	"OTC_DESC": "Description",
	"OTC_PWD_TITLE": "Enter Block Trading Key",
	"P_OTC_PWD": "Enter Password",
	"OTC_PWD_TIP": "Please contact your salesperson",
	"P_OTC_QTY": "Enter quantity",
	"OTC_MODAL_TITLE": "Blockchain Orders",
	"OTC_MODAL_QTY": "Buy Shares",
	"OTC_MODAL_QTY_TIP": "Enter Amount",

	"IPO_TAB_BUY": "Stocks",
	"IPO_TAB_APPLY": "History",
	"IPO_TAB_RECORD": "Success Record",
	"IPO_BUY": "Buy",
	"IPO_STATUS": ["Not Started", "On Sale", "Ended", "Disabled"],
	"IPO_PRICE_LATEST": "Latest Price",
	"IPO_RATE": "Rate",
	"IPO_RATE_NUM": "Rate amount",
	"IPO_SUB_DT": "Purchase date",
	"IPO_OLINE_DT": "Listing date",
	"IPO_PRICE": "Price per Share",
	"IPO_SHARES_ISSUED": "Shares issued",
	"IPO_SUB_QTY": "Subscription Quantity",
	"IPO_APPLY_AMOUNT": "Requested Amount",
	"IPO_APPLY_QTY": "Requested Quantity",
	"IPO_DT": "Date time",
	"IPO_SN": "Transaction Number",
	"IPO_MODAL_TITLE": "Public offering stock subscription application",
	"IPO_MODAL_CONTENT": "If you want to apply for a subscription, please click Confirm",
	"IPO_WIN_AMOUNT": "Allocation Amount",
	"IPO_WIN_QTY": "Allocation Quantity of Shares",
	"IPO_FREEZE": "Frozen Amount",
	"IPO_UNPAY_AMOUNT": "Amount Payable",
	"IPO_SUCCESS_TOTAL": "Total Amount",
	"IPO_SUCCESS_TITLE": "Congratulations, you have successfully subscribed to original stocks!",
	"IPO_SUCCESS_TIP": "To guarantee your profit, make sure you have sufficient funds in your account before paying. We wish you success in your investment!",
	"IPO_SUCCESS_CLOSE": "Close",

	"SCR_TAB_BUY": "Stocks",
	"SCR_TAB_APPLY": "History",
	"SCR_TAB_RECORD": "Success Record",
	"SCR_BUY": "Buy",
	"SCR_PRICE": "Price per Share",
	"SCR_PRICE_LATEST": "Latest Price",
	"SCR_RATE": "Rate",
	"SCR_RATE_NUM": "Rate amount",
	"SCR_SHARES_ISSUED": "Shares issued",
	"SCR_SHARES_MIN": "Minimum Shares",
	"SCR_APPLY_AMOUNT": "Requested Amount",
	"SCR_APPLY_QTY": "Requested Quantity",
	"SCR_DT": "Date time",
	"SCR_SN": "Transaction Number",
	"SCR_WIN_AMOUNT": "Allocation Amount",
	"SCR_SUCCESS_AMOUNT": "Success Amount",
	"SCR_TOTAL_AMOUNT": "Total Amount",

	"SEARCH_P_KEY": "Enter name/code or keywords",
	"SEARCH_HISTORY": "History",
	"SEARCH_TH_NAME": "Name/Code",
	"SEARCH_TH_PRICE": "Price",
	"SEARCH_TH_RATENUM": "Rate num",
	"SEARCH_TH_RATE": "Rate",
	"SEARCH_BTN": "Search",

	"MARKET_TAB_STOCK": "Stocks",
	"MARKET_TAB_INDI": "Indicators",
	"MARKET_TAB_RANK": "Ranking",
	"MARKET_TAB_TRACK": "Track",
	"STOCK_TABS_KR": "KR Stocks",
	"STOCK_TABS_US": "US Stocks",
	"RANK_TABS": ["Rate of Increase", "Rate of Decrease", "New High", "Top/Bottom Trading Volume",
		"Top/Bottom Trading Amount", "Foreign Net Buy", "Institution Net Buy", "New Listings", "Short Selling Ratio"
	],
	"INDI_TABS": ["Indicators", "Forex", "Future", "Crypto"],

	"INDI_CLOSE": "Close",
	"INDI_OPEN": "Open",
	"INDI_HIGH": "High",
	"INDI_LOW": "Low",

	"STOCK_TITLE": "Stocks",
	"STOCK_ALL": "All",

	"INDEX_TITLE": "Index Stocks",
	"INDEX_ALL": "All",

	"NEWS_ALL": "All",

	"PLACE_INDUSTRY": "Industry",
	"PLACE_TAB_BEST": ["국내", "해외", "가상화폐"],

	"PLACE_TAB_RANK": ["ROI", "RDI", "New Highs", "Vol.", "Trading Amt"],


	"STOCK_DETAIL": "Stock Details",
	"STOCK_TAB_TIME": ["Minute", "Day", "Week", "Month"],
	"STOCK_BUY": "Buy",
	"STOCK_PRICE": "Price",
	"STOCK_RATE": "Rate",
	"STOCK_RATENUM": "Rate amount",
	"STOCK_OPEN": "Open",
	"STOCK_CLOSE": "Close",
	"STOCK_HIGH": "High",
	"STOCK_LOW": "Low",
	"STOCK_ORDERS_TITLE": "Stock Orders ",
	"STOCK_BUY_SHARES": "Buy Shares",
	"P_STOCK_BUY_SHARES": "Enter Buy Shares",
	"STOCK_TOTAL": "Total Amount",
	"STOCK_FREEZE": "Freeze Amount",
	"STOCK_ASK_TITLE": "Confirm Buy Orders",
	"STOCK_SHARES": "Shares",
	"STOCK_ASK_CANCEL": "Cancel",
	"STOCK_ASK_CANFIRM": "Confirm",

	"POSITION_HOLD": "Holding",
	"POSITION_RECORD": "Record",
	"POSITION_BUY_DT": "Buy Date",
	"POSITION_SELL_DT": "Sell Date",
	"POSITION_BUY_PRICE": "Buy Price",
	"POSITION_BUY_QTY": "Buy Quantity",
	"POSITION_BUY_FEE": "Buy Fee",
	"POSITION_BUY_AMOUNT": "Buy Amount",
	"POSITION_FLOAT_PL": "Float P&L",
	"POSITION_PL_RATE": "P&L Rate",
	"POSITION_TOTAL": "Total",
	"POSITION_LEVER": "Lever",
	"POSITION_PL": "Profit & Loss",
	"POSITION_CUR_PRICE": "Latest Price",
	"POSITION_SELL_PRICE": "Sell Price",
	"POSITION_ASK": "Do You Want To Sell?",
	"POSITION_ASK_CANCEL": "Cancel",
	"POSITION_ASK_CANFIRM": "Confirm",
	"POSITION_SELL": "Sell",
	"POSITITON_BUY": "Buy",
	"POSITION_DT": "Date time",
	"POSITION_SN": "Transaction Number",


	"API_SUBMITING": "Submiting",
	"TRACK_TITLE": "Track Stocks",
	"TRACK_ALL": "All",


	"COMMON_EMPTY_DATA": "Empty Data",
	"COMMON_SUCCESS": " Successful",
	"COMMON_CANCEL": "Cancel",
	"COMMON_CONFIRM": "Confirm",
	"COMMON_BALANCE": "Balance",
	"COMMON_TH_NAME": "Name/Code",
	"COMMON_TH_PRICE": "Price",
	"COMMON_TH_RATENUM": "Rate num",
	"COMMON_TH_RATE": "Rate",
	"COMMON_SUBMIT": "Submit",
	"COMMON_CONTACT_SERVICE": "Contact customer service",
	"COMMON_DT": "Date Time",
	"COMMON_DESC": "Desc",
	"COMMON_SN": "SN",
	"COMMON_100": "Show only the first 100 items",

	"COMMON_LEVER": "Lever",
	"COMMON_FEE": "Fee",

	"LGRE_TITLE": "Language",

	"API_TOKEN_EXPIRES": "Login status has expired, please log in again",
	"API_HTTP_ERROR": "Request abnormality, please check your network",
	"API_UPLOAD": "Uploading...",
	"API_REQUEST_DATA": "Request Data",

	"API_REGISTER": "Registering",

	"API_NETWORKNO": "There is no network or the network status is poor.",


	"TIP_VALID": "Please enter a valid value",
	"TIP_DECIMAL_PREFIX": "Up to ",
	"TIP_DECIMAL_SUFFIX": " decimal places",
	"TIP_BTN": "Please wait",






	"EA_TITLE": "EA",
	"EA_GOODS": "Goods",
	"EA_RECORD": "Record",
	"EA_PRICE": "Price",
	"EA_MIN_AMOUNT": "Minimum Amount",
	"EA_BUY_AMOUNT": "Amount",
	"EA_GROWTH": "Growth",
	"EA_PROFIT_RATE": "Profit Rate",
	"EA_CYCLE": "Cycle Days",
	"EA_SDT": "Start Date",
	"EA_END_DT": "End Date",
	"EA_MODAL_CONTENT": "Are you sure you want to sell?",
	"EA_FEE": "Fee"



}