{
	"@metadata": {
		"author": "",
		"lastupdated": "",
		"locale": "ko-KR",
		"description": ""
	},

	"MENU_HOME": "거래소",
	"MENU_MARKET": "관심종목",
	"MENU_TRADE": "Trade",
	"MENU_POSITION": "거래",
	"MENU_ACCOUNT": "더보기",
	"MENU_AI": "AI 단타거래",
	"MENU_OTC": "블록딜",
	"MENU_IPO": "공모주청약",
	"MENU_SCR": "신주 청약",
	"MENU_DEPOSIT": "입금 정보",
	"MENU_WITHDRAW": "출금신청",
	"MENU_AUTH": "본인인증",
	"MENU_BANK_CARD": "입출금 계좌 연동",
	"MENU_CONVERT": "환전",
	"MENU_LOANS": "대출",
	"MENU_CONVERT_RECORD": "환전 기록",
	"MENU_PWD_ACCOUNT": "로그인 비밀번호 변경",
	"MENU_PWD_PAY": "거래 비번",
	"MENU_FUNDS": "입출금 세부 내역",
	"MENU_TERMS": "약관",
	"MENU_ABOUT": "회사 소개",
	"MENU_SERVICE": "고객센터",
	"MENU_PROFILE": "프로필",
	"MENU_NOTIFY": "공지사항",
	"MENU_NEWS": "최신소식",
	"MENU_PLACE": "마켓플레이스",

	"LAUNCH_TIPS": [
		"연결 중...",
		"애플리케이션 버전 확인 중...",
		"네트워크 환경 안전 검사 진행 중...",
		"국제 투자 기관에 연결 중...",
		"기관 계좌 권한 연결 중..."
	],

	"COMMON_WELCOME": "다시 오신 것을 환영합니다!",
	"COMMON_VERSION": "Version",

	"SIGN_TITLE_IN": "로그인",
	"SIGN_TITLE_UP": "회원 가입",
	"SIGN_OUT": "로그아웃",
	"SIGN_ACCOUNT": "계정",
	"SIGN_PWD": "비밀 번호",
	"SIGN_PWD_CONFIRM": "비밀번호 확인",
	"SIGN_REMEMBER": "비밀번호 기억하기",
	"SIGN_FORGOT": "비밀번호를 잊으셨나요?",
	"SIGN_ACCOUNT_NO": "계정이 없으신가요?",
	"SIGN_ACCOUNT_HAVE": "이미 계정이 있으신가요?",
	"SIGN_NOW_IN": "지금 로그인",
	"SIGN_NOW_UP": "지금 회원가입",
	"SIGN_INVITATION": "초대코드",
	"SIGN_AGREE": "약관에 동의합니다",
	"SIGN_TERMS": "이용 약관 및 개인정보 보호 정책",
	"P_SIGN_ACCOUNT": "전화번호를 입력해주세요",
	"P_SIGN_PWD": "비밀번호를 입력",
	"P_SIGN_INVITATION": "초대 코드 입력",
	"TIP_PWDDIFF": "두 비밀번호가 일치하지 않습니다",
	"TIP_CHECK_AGREE": "동의를 확인해 주세요",
	"API_SUCCESS_SIGNIN": "로그인에 성공했습니다",
	"API_SUCCESS_SIGNUP": "회원가입에 성공했습니다",

	"ASSETS_TITLE": "자산 정보",

	"ASSETS_TOTAL": "총자산",
	"ASSETS_BALANCE": "예수금",
	"ASSETS_FROZEN": "동결됨",
	"ASSETS_HOLD_PL": "보유 손익",
	"ASSETS_TOTAL_PL": "총 손익",
	"ASSETS_DETAIL": "세부사항",

	"NEWS_TABS": ["뉴스", "시장", "경제", "산업", "채권", "파생", "기업", "투자"],

	"AUTH_STATUS": ["미검증", "검증됨"],
	"AUTH_REAL_NAME": "성함 입력",
	"P_AUTH_REAL_NAME": "성함 입력",
	"AUTH_ID": "주민 번호 입력",
	"P_AUTH_ID": "주민 번호 입력",
	"AUTH_ID_FRONT": "신분증앞면",
	"P_AUTH_ID_FRONT": "신분증 앞면 업로드",
	"TIP_AUTH_ID_FRONT": "신분증 앞면 사진을 업로드하려면 클릭하세요",
	"AUTH_ID_BACK": "신분증뒷면",
	"P_AUTH_ID_BACK": "신분증 뒷면 업로드",
	"TIP_AUTH_ID_BACK": "신분증 뒷면 사진을 업로드하려면 클릭하세요",
	"AUTH_BTN": "실명 인증 확인",
	"AUTH_RULE_TITLE": "실명 인증 가이드라인",
	"AUTH_RULES": [
		"신원 정보가 올바르지 않으면 인증이 거부될 수 있으니 유의해주세요.",
		"신분증의 모든 정보가 선명하게 보여야 합니다. 빛 반사나 흐릿한 상태로 업로드 하지 말아주세요.",
		"제출된 개인정보는 안전하게 보호됩니다."
	],

	"BANK_REAL_NAME": "성명",
	"P_BANK_REAL_NAME": "성명",
	"BANK_NAME": "은행명",
	"P_BANK_NAME": "은행명",
	"BANK_ID": "계좌번호",
	"P_BANK_ID": "계좌번호",

	"SET_PWD_OLD": "현재 비밀번호",
	"P_SET_PWD_OLD": "이전 비밀번호를 입력하세요",
	"SET_PWD_NEW": "새 비밀번호",
	"P_SET_PWD_NEW": "새 비밀번호를 입력 해주세요",
	"SET_PWD_CONFIM": "새 비밀번호 확인",
	"P_SET_PWD_CONFIM": "새 비밀번호를 다시 입력 해주세요",
	"SET_PWD_FORGOT": "비밀번호를 잊으셨나요?",
	"SET_PWD_LINK_SERVICE": "고객 서비스에 문의하기",
	"TIP_SET_PWDDIFF": "두 비밀번호가 일치하지 않습니다",
	"SET_PWD_BTN": "확인",

	"CONVERT_FROM": "환전할 통화",
	"CONVERT_FROM_P": "금액 입력",
	"CONVERT_AMOUNT_TIP": "최소 환전 금액:",
	"CONVERT_TO": "대상 통화",
	"CONVERT_PWD": "결제 비밀번호",
	"CONVERT_PWD_P": "결제 비밀번호 입력",
	"CONVERT_RULE_TITLE": "환전 가이드라인",
	"CONVERT_RULES": ["유연하게 한 통화를 다른 통화로 환전하세요."],
	"CONVERT_MONEY": "환전 금액",
	"CONVERT_DT": "날짜 및 시간",
	"CONVERT_SN": "거래 번호",
	"CONVERT_DESC": "설명",
	"CONVERT_FROM_AMOUNT": "출금 금액",

	"FUNDS_TRADES": "거래 기록",
	"FUNDS_DEPOSIT": "입금 내역",
	"FUNDS_WITHDRAW": "출금 내역",
	"FUNDS_CONVERT": "환전",
	"FUNDS_LOANS": "대출",
	"FUNDS_TRADE_AFTER": "잔액",
	"FUNDS_TRADE_BEFORE": "거래전 잔액",
	"FUNDS_MONEY": "입금",
	"FUNDS_TRADE_DT": "날짜 시간",
	"FUNDS_TRADE_DESC": "설명",
	"FUNDS_D_MONEY": "예치금",
	"FUNDS_D_DT": "날짜 시간",
	"FUNDS_D_SN": "주문 번호",
	"FUNDS_W_MONEY": "출금",
	"FUNDS_W_DT": "날짜 시간",
	"FUNDS_W_SN": "주문 번호",
	"FUNDS_W_REASON": "거부 이유",
	"FUNDS_W_CANCEL": "취소",
	"FUNDS_MODAL_TITLE": "정말로 인출을 취소하시겠습니까?",
	"FUNDS_STATUS": ["대기중", "성공", "실패", "거부"],

	"PROFILE_NAME": "닉네임",
	"P_PROFILE_NAME": "닉네임 입력",
	"PROFILE_AVATAR": "아바타 업로드",
	"P_PROFILE_AVATAR": "",

	"DEPOSIT_AMOUNT": "충전금액",
	"P_DEPOSIT_AMOUNT": "충전금액을 입력해주세요",
	"DEPOSIT_TIP_AMOUNT": "최소 충전금액은 100만원입니다",
	"DEPOSIT_BTN": "재충전",
	"DEPOSIT_RULE_TITLE": "입금 가이드라인:",
	"DEPOSIT_RULES": ["최소 충전 금액은 100만원 단위입니다.",
		"충전 전에 고객센터에 계좌 확인  부탁드립니다.",
		"충전 시간은 거래일 9:00-22:00, 주말(공휴일)은 13:00-22:00입니다"
	],

	"WITHDRAW_ANOUNT": "출금금액",
	"P_WITHDRAW_ANOUNT": "출금 금액 입력",
	"WITHDRAW_TIP_AMOUNT": "c",
	"WITHDRAW_PWD": "증권 비밀번호",
	"P_WITHDRAW_PWD": "비밀번호 6자리 입력",
	"WITHDRAW_BTN": "출금확인",
	"WITHDRAW_RULE_TITLE": "출금 가이드라인",
	"WITHDRAW_RULES": ["매도 대금은 2거래일 이후 정상 인출할 수 있습니다.",
		"출금을 위해서는 실명인증 및 본인 계좌 확인 후 출금 진행이 됩니다.",
		"출금 거래 가능 시간 : 평일 오전 09시 ~ 오후 15시30분 (*주말, 대체공휴일 출금 불가)",
		"각 현금 인출의 최소 금액은 10,000단위 입니다."
	],

	"LOANS_AMOUNT": "대출 금액",
	"LOANS_AMOUNT_TIP": "대출 금액을 입력하세요",
	"LOANS_CYCLE": "주기/이자율",
	"LOANS_CYCLE_TIP": "대출 주기를 선택하세요",
	"LOANS_ZQ": "주기",
	"LOANS_RATE": "비율",
	"LOANS_AMOUNT_H": "상환 금액",
	"LOANS_HKDT": "상환 시간",
	"LOANS_DT": "신청 시간",
	"LOANS_SUCCESS": "승인된 금액",
	"LOANS_STATUS": ["승인 대기 중", "승인됨", "거부됨"],
	"LOANS_TIPS": "최소 대출 금액",
	"LOANS_RULE_TITLE": "신용 계약 정보",
	"LOANS_RULES": [
		"대출 승인은 내부 검토를 거칩니다. 신청서를 제출한다고 해서 승인이 보장되지 않습니다.",
		"연체 상환 시 추가 이자 비용이 발생할 수 있습니다. 대출자는 채권 회수를 위한 법적 조치를 취할 권리를 보유합니다.",
		"차용자는 합의된 대로 대출금을 제때 상환할 책임이 있으며, 연체로 인한 모든 결과에 대한 책임을 집니다."
	],

	"AI_TAB_BUY": "AI단타거래",
	"AI_TAB_APPLY": "신청내역",
	"AI_TAB_RECORD": "매매내역",
	"AI_STATUS": "상태",
	"AI_AMOUNT": "금액",
	"AI_AMOUNT_SUCCESS": "통과금액",
	"AI_PRICE": "주당 가격",
	"P_AI_AMOUNT": "금액을 입력하세요",
	"AI_DT": "날짜 시간",
	"AI_SN": "주문 번호",
	"AI_MODAL_CONTENT": "주문을 제출하시겠습니까?",
	"AI_RULE_TITLE": "가이드",
	"AI_RULES": [
		"AI단타거래는 투자자들이 당일 주식을 매매하고 거래 차익에 따라 정산하는 매매기법입니다.",
		"투자자는 AI를 통해 특정종목을 일률적으로 매수하고 매도시기에 정산을 진행합니다.",
		"매수후 이익이 발생하면 \"매매내역\"에 바로 표시가되며 매도를 통해 즉시 수익실현이 가능합니다.",
		"당일거래 종목의 기밀유지 및 수익을 위해 매수 신청 이후 일정시간 동안 주식코드 및 세부 정보는 제공되지 않습니다."
	],

	"OTC_TAB_BUY": "블록딜 종목",
	"OTC_TAB_APPLY": "거래내역",
	"OTC_TAB_RECORD": "Success Record",
	"OTC_PRICE": "매입 가격",
	"OTC_MIN": "Minimum Shares",
	"OTC_PRICE_LATEST": "최신 가격",
	"OTC_RATE": "비율",
	"OTC_RATE_NUM": "비율 금액",
	"OTC_BUY": "구매",
	"OTC_DT": "매수시간",
	"OTC_SN": "거래 번호",
	"OTC_A_QTY": "구매 주식 수",
	"OTC_A_AMOUNT": "매수금액",
	"OTC_A_PL": "손익",
	"OTC_A_PL_FLOAT": "상태 손익",
	"OTC_A_LEVER": "레버리지",
	"OTC_A_FEE": "수수료",
	"OTC_DESC": "인 상태",
	"OTC_PWD_TITLE": "블록체인 거래 키 입력",
	"P_OTC_PWD": "비밀번호 입력",
	"OTC_PWD_TIP": "판매자에게 문의하세요",
	"P_OTC_QTY": "수량 입력",
	"OTC_MODAL_TITLE": "블록체인 주문",
	"OTC_MODAL_QTY": "구매 주식 수",
	"OTC_MODAL_QTY_TIP": "금액 입력",

	"IPO_TAB_BUY": "IPO",
	"IPO_TAB_APPLY": "청약기록",
	"IPO_TAB_RECORD": "거래정보",
	"IPO_BUY": "구매",
	"IPO_STATUS": ["시작 안 함", "판매 중", "종료됨", "비활성"],
	"IPO_PRICE_LATEST": "최신 가격",
	"IPO_RATE": "비율",
	"IPO_RATE_NUM": "비율 금액",
	"IPO_SUB_DT": "청약 날짜",
	"IPO_OLINE_DT": "상장 날짜",
	"IPO_PRICE": "청약 가격",
	"IPO_SHARES_ISSUED": "순환",
	"IPO_SUB_QTY": "청약 수량",
	"IPO_APPLY_AMOUNT": "요청 금액",
	"IPO_APPLY_QTY": "요청 수량",
	"IPO_DT": "청약신청시간",
	"IPO_SN": "거래 코드",
	"IPO_MODAL_TITLE": "공모주 청약 신청",
	"IPO_MODAL_CONTENT": "청약을 원하시면 확인을 클릭해주세요.",
	"IPO_WIN_AMOUNT": "배정 금액",
	"IPO_WIN_QTY": "주식 배정 수량",
	"IPO_FREEZE": "이미 납입된 금액",
	"IPO_UNPAY_AMOUNT": "지급 예정 금액",
	"IPO_SUCCESS_TOTAL": "납입금액",
	"IPO_SUCCESS_TITLE": "축하합니다! 원주식 청약에 성공하셨습니다!",
	"IPO_SUCCESS_TIP": "수익을 보장하려면 결제 전에 계좌에 충분한 자금이 있는지 확인하세요. 성공적인 투자를 기원합니다!",
	"IPO_SUCCESS_CLOSE": "닫기",

	"SCR_TAB_BUY": "신주 청약",
	"SCR_TAB_APPLY": "거래내역",
	"SCR_TAB_RECORD": "거래정보",
	"SCR_BUY": "구매",
	"SCR_PRICE": "주당 가격",
	"SCR_PRICE_LATEST": "최신 가격",
	"SCR_RATE": "비율",
	"SCR_RATE_NUM": "비율 금액",
	"SCR_SHARES_ISSUED": "순환",
	"SCR_SHARES_MIN": "최소 주식 수",
	"SCR_APPLY_AMOUNT": "요청 금액",
	"SCR_APPLY_QTY": "요청 수량",
	"SCR_DT": "날짜 및 시간",
	"SCR_SN": "거래 번호",
	"SCR_WIN_AMOUNT": "배정 금액",
	"SCR_SUCCESS_AMOUNT": "성공 금액",
	"SCR_TOTAL_AMOUNT": "총 금액",

	"SEARCH_P_KEY": "검색하고 싶은 내용을 입력해주세요",
	"SEARCH_HISTORY": "검색 기록",
	"SEARCH_TH_NAME": "주식/코드",
	"SEARCH_TH_PRICE": "등락률",
	"SEARCH_TH_RATENUM": "비율 금액",
	"SEARCH_TH_RATE": "최신",
	"SEARCH_BTN": "검색",

	"MARKET_TAB_STOCK": "주식",
	"MARKET_TAB_INDI": "지표",
	"MARKET_TAB_RANK": "순위",
	"MARKET_TAB_TRACK": "추적",
	"STOCK_TABS_KR": "국내주식(KR)",
	"STOCK_TABS_US": "미국주식(US)",
	"RANK_TABS": ["상승률", "하락률", "신고가", "거래량 상위/하위", "거래금액 상위/하위", "외국인 순매수", "기관 순매수", "신규상장", "공매도 비중"],
	"INDI_TABS": ["지수", "환율", "원자재", "가상화폐"],

	"INDI_CLOSE": "종가",
	"INDI_OPEN": "시가",
	"INDI_HIGH": "고가",
	"INDI_LOW": "저가",

	"STOCK_TITLE": "주식",
	"STOCK_ALL": "모두",

	"INDEX_TITLE": "지수 주식",
	"INDEX_ALL": "모두",

	"NEWS_ALL": "모두",

	"PLACE_INDUSTRY": "산업",

	"PLACE_TAB_BEST": ["국내", "해외", "가상화폐"],

	"PLACE_TAB_RANK": ["상승률", "하락률", "신고가", "거래량", "거래대금"],


	"STOCK_DETAIL": "주식 상세",
	"STOCK_TAB_TIME": ["분", "일", "주", "월"],
	"STOCK_BUY": "구매",
	"STOCK_PRICE": "가격",
	"STOCK_RATE": "비율",
	"STOCK_RATENUM": "비율 금액",
	"STOCK_OPEN": "시가",
	"STOCK_CLOSE": "종가",
	"STOCK_HIGH": "고가",
	"STOCK_LOW": "저가",
	"STOCK_ORDERS_TITLE": "주식 주문",
	"STOCK_BUY_SHARES": "구매 주식 수",
	"P_STOCK_BUY_SHARES": "구매할 주식 수 입력",
	"STOCK_TOTAL": "총 금액",
	"STOCK_FREEZE": "동결 금액",
	"STOCK_ASK_TITLE": "구매 주문 확인",
	"STOCK_SHARES": "주식 수",
	"STOCK_ASK_CANCEL": "취소",
	"STOCK_ASK_CANFIRM": "확인",

	"POSITION_HOLD": "보유 중",
	"POSITION_RECORD": "기록",
	"POSITION_BUY_DT": "구매 날짜",
	"POSITION_SELL_DT": "판매 날짜",
	"POSITION_BUY_PRICE": "구매 가격",
	"POSITION_BUY_QTY": "구매 수량",
	"POSITION_BUY_FEE": "구매 수수료",
	"POSITION_SELL_FEE": "매도 수수료",
	"POSITION_BUY_AMOUNT": "구매 금액",
	"POSITION_FLOAT_PL": "평가 손익",
	"POSITION_PL_RATE": "손익 비율",
	"POSITION_TOTAL": "총액",
	"POSITION_LEVER": "레버리지",
	"POSITION_PL": "손익",
	"POSITION_CUR_PRICE": "최신 가격",
	"POSITION_SELL_PRICE": "판매 가격",
	"POSITION_ASK": "판매하시겠습니까?",
	"POSITION_ASK_CANCEL": "취소",
	"POSITION_ASK_CANFIRM": "확인",
	"POSITION_SELL": "판매",
	"POSITTON_BUY": "구매",
	"POSITION_DT": "날짜 및 시간",
	"POSITION_SN": "거래 번호",


	"API_SUBMITING": "제출 중",
	"TRACK_TITLE": "주식 추적",
	"TRACK_ALL": "모두",


	"COMMON_EMPTY_DATA": "빈 데이터",
	"COMMON_SUCCESS": "성공",
	"COMMON_CANCEL": "취소",
	"COMMON_CONFIRM": "확인",
	"COMMON_BALANCE": "잔액",
	"COMMON_TH_NAME": "이름/코드",
	"COMMON_TH_PRICE": "가격",
	"COMMON_TH_RATENUM": "비율 숫자",
	"COMMON_TH_RATE": "비율",
	"COMMON_SUBMIT": "확인",
	"COMMON_CONTACT_SERVICE": "고객 서비스에 문의하기",
	"COMMON_DT": "날짜 및 시간",
	"COMMON_DESC": "설명",
	"COMMON_SN": "SN",
	"COMMON_100": "상위 100개 데이터만 표시",


	"COMMON_LEVER": "레버리지",
	"COMMON_FEE": "수수료",

	"LGRE_TITLE": "언어",

	"API_TOKEN_EXPIRES": "로그인 상태가 만료되었습니다. 다시 로그인 해주세요.",
	"API_HTTP_ERROR": "요청 이상, 네트워크를 확인해주세요.",
	"API_UPLOAD": "업로드 중...",
	"API_REQUEST_DATA": "요청 데이터",

	"API_REGISTER": "등록 중입니다.",

	"API_NETWORKNO": "네트워크가 없거나 네트워크 상태가 좋지 않습니다.",

	"TIP_VALID": "유효한 값을 입력해주세요.",
	"TIP_DECIMAL_PREFIX": "최대 ",
	"TIP_DECIMAL_SUFFIX": " 소수자리",
	"TIP_BTN": "잠시만 기다려주세요",







	"EA_TITLE": "EA",
	"EA_GOODS": "상품",
	"EA_RECORD": "기록",
	"EA_PRICE": "가격",
	"EA_MIN_AMOUNT": "최소 금액",
	"EA_BUY_AMOUNT": "금액",
	"EA_GROWTH": "성장",
	"EA_PROFIT_RATE": "수익률",
	"EA_CYCLE": "주기일",
	"EA_SDT": "시작 날짜",
	"EA_END_DT": "종료 날짜",
	"EA_MODAL_CONTENT": "판매하시겠습니까?",
	"EA_FEE": "수수료"



}