{
	"@metadata": {
		"author": "",
		"lastupdated": "",
		"locale": "tr-TR",
		"description": ""
	},


	"AUTH_REAL_NAME": "İsim",
	"AUTH_ID": "Kimlik Kartı",
	"AUTH_ID_FRONT": "Kimlik Kartı Ön Yüzü",
	"AUTH_ID_BACK": "Kimlik Kartı Arka Yüzü",

	"P_AUTH_REAL_NAME": "Enter Real Name",
	"P_AUTH_ID": "Geçerli bir kimlik numarası girin",
	"P_AUTH_ID_FRONT": "Ön yüzü eklemek için tıklayın",
	"P_AUTH_ID_BACK": "Arka yüzü eklemek için tıklayın",
	"AUTH_RULE_TITLE": "Kimlik Yükleme Notları",

	"AUTH_RULES": [
		"Kimlik bilgileriniz doğru değilse, kimlik doğrulama reddedilebilir. Çözüm yollarına dikkat edin",
		"Kimlik belgelerinde ışık yansıması ve gölgelerden kaçının",
		"Kayıttan önce kimlik bilgilerinizin doğruluğunu ve geçerliliğini kontrol edin"
	]
}