{
  "devices": {
    "2883fe3de546cb02": {
      "deviceAddress": "10.147.17.1:37923",
      "pairingCode": "954499",
      "connectIp": "10.147.17.1:34823"
    },
    "b9a3fa44077a4e81": {
      "deviceAddress": "10.147.17.64:40631",
      "pairingCode": "348256",
      "connectIp": "10.147.17.64:37657"
    },
    "57f3ae9d24f61b63": {
      "deviceAddress": "10.147.17.226:36023",
      "pairingCode": "669078",
      "connectIp": "10.147.17.226:43939"
    },
    "b42d5590504711c0": {
      "deviceAddress": "10.147.17.32:39881",
      "pairingCode": "226096",
      "connectIp": "10.147.17.32:39285"
    }
  }
}