{
	//uview组件库
	"easycom": {
		"autoscan": true,
		"^u-(.*)": "@/node_modules/uview-ui/components/u-$1/u-$1.vue"
	},
	"globalStyle": {
		"navigationBarTextStyle": "black",
		"navigationBarTitleText": "PAM",
		"navigationBarBackgroundColor": "#F8F8F8",
		"backgroundColor": "#F8F8F8",
		// rpx 计算支持的最大设备宽度 单位px 默认值为960
		"rpxCalcMaxDeviceWidth": 960,
		// rpx计算使用的基本设备宽度，设备实际宽度超出rpx ，
		// 计算所支持的最大宽度时，将按基准宽度计算，单位px，默认值375
		"rpxCalcBaseDeviceWidth": 375,
		// rpx 计算特殊处理的值，始终按实际的设备宽度计算，单位rpx，默认值为750
		"rpxCalcIncludeWidth": 750
	},
	"tabBar": {
		"backgroundColor": "#FFFFFF",
		"selectedColor": "#0C42BC",
		"color": "#959595",
		"fontSize": "12px",
		"list": []
	},

	"pages": [
		{
			"path": "pages/launch/index", // 自定义启动页
			"style": {
				"enablePullDownRefresh": false,
				"navigationStyle": "custom"
			}
		},
		{
			"path": "pages/launch/webview", // 客服
			"style": {
				"enablePullDownRefresh": false,
				"navigationStyle": "custom"
			}
		}
		
	],

	"uniIdRouter": {},
	"condition": {
		//模式配置，仅开发期间生效
		"current": 0, //当前激活的模式(list 的索引项)
		"list": [{
			"name": "", //模式이름
			"path": "", //启动页面，必选
			"query": "" //启动参数，在页面的onLoad函数里面得到
		}]
	}
}